#Frequency (Hz),Channel 2 Magnitude (dB),Channel 2 Phase (deg)
10.00000000000001,-0.001632312143870279,-0.2761603420315311
10.06931668851806,-0.001986588590324099,-0.2783678607582942
10.1391138573668,-0.002066383812658489,-0.2799002721365014
10.20939483707681,-0.001976436661929296,-0.2818360739048984
10.28016298126474,-0.001799582675162119,-0.2837363545308875
10.35142166679345,-0.001971519200721289,-0.2857509670463969
10.42317429393305,-0.001789519502576904,-0.2882290958587106
10.49542428652323,-0.002088269312825142,-0.2899397621840478
10.5681750921366,-0.001855510516023721,-0.2916781014157408
10.64143018224317,-0.001839846909093365,-0.2939821837541317
10.71519305237607,-0.001799953375709333,-0.2963164087450707
10.7894672222983,-0.001851067345985994,-0.2982669989907691
10.86425623617067,-0.00169598044444971,-0.3004902686765938
10.93956366272095,-0.001894598257652599,-0.3016970913141961
11.01539309541416,-0.001469880473509174,-0.3047540212534727
11.09174815262402,-0.001616972349574201,-0.3061161879695362
11.16863247780562,-0.00177136263035061,-0.3080047545645694
11.24604973966928,-0.001695194169302905,-0.3103450518873672
11.32400363235558,-0.00162545545386577,-0.312678599585098
11.4024978756117,-0.001818745279020705,-0.3147761867011383
11.48153621496884,-0.001867677097373314,-0.3175258270144639
11.56112242192101,-0.0017529165809834,-0.319269421662483
11.64126029410492,-0.00200893524774585,-0.3215605649713495
11.72195365548131,-0.00149626153792254,-0.3236585641867618
11.80320635651731,-0.001879232515313111,-0.3259865491906169
11.8850222743702,-0.001768858043263583,-0.3280429464016379
11.96740531307244,-0.002030065113563921,-0.3308886642176709
12.05035940371799,-0.001910106796700971,-0.3333046874698056
12.13388850464979,-0.001898384448198652,-0.3351384866138289
12.21799660164874,-0.002088113584844738,-0.3376977184937715
12.30268770812382,-0.002002086373683945,-0.3398126354776618
12.3879658653037,-0.001956398704541428,-0.3421073447184853
12.47383514242945,-0.002082367009255192,-0.3447994310315892
12.56029963694877,-0.002070362255807329,-0.3470756394373069
12.64736347471152,-0.002155528118000051,-0.3492329107892493
12.73503081016663,-0.001994613924838485,-0.3524043083356503
12.82330582656023,-0.002219435077622789,-0.3547199374786771
12.91219273613536,-0.002139315259846148,-0.3561183061926982
13.00169578033291,-0.00229556150101414,-0.3595000657597893
13.09181922999408,-0.001991377629406506,-0.3619667754436762
13.18256738556409,-0.002120237158102154,-0.3641462751219322
13.27394457729741,-0.002077791511097017,-0.3670456468568517
13.36595516546443,-0.002107680022674319,-0.3693776388518586
13.4586035405595,-0.001944515651238168,-0.3715518879113802
13.55189412351038,-0.001964961443460242,-0.3743390296650713
13.64583136588927,-0.002073694724557995,-0.3773485149078084
13.74041975012516,-0.002123465530451829,-0.3796448823620153
13.83566378971783,-0.001908398099319803,-0.3824044435110068
13.93156802945305,-0.00212991753357756,-0.3852634815386153
14.0281370456196,-0.002017808712927786,-0.3877083626547773
14.12537544622755,-0.002017548527731218,-0.3902625352997919
14.22328787122821,-0.002173103535070515,-0.3932136176460119
14.32187899273545,-0.002224388353827397,-0.3958549200780652
14.42115351524871,-0.002210574923871006,-0.3986541455669013
14.52111617587743,-0.001952608689745011,-0.4010254698626312
14.6217717445672,-0.002023019036835624,-0.4042049709178741
14.72312502432721,-0.002218450046061239,-0.4065128458596448
14.82518085145956,-0.002130464596794084,-0.4101575957791965
14.92794409578998,-0.001801398619283802,-0.4123632174522243
15.03141966090022,-0.002079307911956338,-0.4163427827716966
15.1356124843621,-0.002082384554775397,-0.4186569515626815
15.24052753797292,-0.00212889983968931,-0.4212112788591043
15.34616982799296,-0.002198838923598014,-0.4243274521553957
15.45254439538414,-0.002207134701447775,-0.4268147525942254
15.55965631605077,-0.001896399379368397,-0.4303029275105104
15.6675107010815,-0.002130593406365771,-0.4334443232985024
15.7761126969935,-0.002173118660088386,-0.4359055348669187
15.88546748597779,-0.001973829680940675,-0.4390325502503103
15.99558028614671,-0.00200611539387609,-0.4423901767574421
16.10645635178271,-0.002182458094560918,-0.4452380552067154
16.21810097358932,-0.002109141914541228,-0.4479164316134785
16.33051947894334,-0.002089711790325888,-0.4509918909237456
16.44371723214933,-0.002013134346826217,-0.4549146458173539
16.55769963469529,-0.002153270090397217,-0.457735605233978
16.67247212551064,-0.002061314726192858,-0.460169714893226
16.78804018122561,-0.002064118391571496,-0.4640050446008057
16.90440931643265,-0.002215181460625127,-0.4668717588435101
17.02158508394952,-0.002084952209497689,-0.470213581402021
17.13957307508427,-0.00216077018440549,-0.4740800019433138
17.25837891990204,-0.002291677277272489,-0.4767696252367557
17.37800828749376,-0.002014902017843336,-0.4799808477166181
17.49846688624658,-0.002248978030949777,-0.4836433282656429
17.61976046411631,-0.002096914689502365,-0.4862646911246884
17.74189480890166,-0.001997739133669769,-0.4900538155678387
17.86487574852051,-0.002012366042727525,-0.4932042854287602
17.98870915128789,-0.002017818666200457,-0.4967697364979564
18.11340092619604,-0.002140809772468018,-0.5003085125346303
18.23895702319638,-0.002166741568111428,-0.5040018555327777
18.36538343348347,-0.00220532639110573,-0.5075359692788481
18.4926861897808,-0.002190942468113996,-0.5110597001001054
18.62087136662869,-0.002280041784094815,-0.5149585613804533
18.74994508067419,-0.002200606692706678,-0.5175613240221679
18.87991349096295,-0.002217631760244255,-0.5219957445697361
19.01078279923302,-0.002049608888091446,-0.5251493936152727
19.14255925021088,-0.002146106205530499,-0.5288225120543331
19.27524913190937,-0.002132210970021359,-0.5327036866170971
19.40885877592779,-0.002143904258367908,-0.5361539173598118
19.54339455775396,-0.002128720853725982,-0.5397122183285816
19.67886289706847,-0.002111740667894606,-0.5434756679198642
19.81527025805099,-0.002075655177335526,-0.5473896979204245
19.95262314968881,-0.00221916286828693,-0.5516287273225942
20.0909281260873,-0.00207135625417573,-0.5542794160229221
20.23019178678274,-0.002165926577453749,-0.5591031732178351
20.37042077705719,-0.002004246064395658,-0.5627806562215483
20.51162178825567,-0.002031364871868873,-0.5665569789113509
20.65380155810531,-0.002253697261117826,-0.5710628137357219
20.79696687103698,-0.001956867569603921,-0.5747606925784767
20.94112455850894,-0.002086067692664314,-0.5787285627635583
21.08628149933291,-0.002009973423457752,-0.5828410726577093
21.23244462000221,-0.002406254599161556,-0.5871459265156318
21.37962089502235,-0.001946484449969327,-0.5903675352654481
21.52781734724374,-0.001856032563658274,-0.595446899976281
21.67704104819696,-0.002005500882152809,-0.5987880801330192
21.82729911843003,-0.002108018327786267,-0.6030603695914749
21.97859872784828,-0.001945828199048596,-0.6069205103347812
22.13094709605638,-0.002039306532574758,-0.6112315525257799
22.28435149270305,-0.002212518835570171,-0.6159786150842095
22.43881923782768,-0.001872626664597462,-0.6196283980591204
22.59435770220981,-0.00211694779093696,-0.6242344382728646
22.75097430772071,-0.002102379913962617,-0.628652686339791
22.90867652767774,-0.001845917658193936,-0.6326506029007035
23.06747188720071,-0.001827647755016884,-0.6375037437291269
23.2273679635711,-0.002087096053358329,-0.6414349378966406
23.38837238659356,-0.002034578566952417,-0.645839989754279
23.55049283896011,-0.00198824815121758,-0.6503654473921401
23.71373705661658,-0.001859291775454903,-0.6545860808465989
23.87811282913181,-0.002146746755540661,-0.6601005285262147
24.04362800006935,-0.002174690530620545,-0.6646829536834815
24.2102904673618,-0.002051558648494103,-0.6689455118866476
24.37810818368755,-0.002231282598681661,-0.6731711428780089
24.54708915685034,-0.002150298925905889,-0.6784318163142729
24.71724145016132,-0.002233420624134283,-0.683374553192337
24.88857318282393,-0.002113633619135183,-0.6872578040584063
25.06109253032117,-0.002073998154641948,-0.6922020030103795
25.23480772480578,-0.002219933626114297,-0.6963434214282245
25.40972705549306,-0.00204974603162129,-0.7018633633077656
25.58585886905648,-0.002310071545546297,-0.7072492645401525
25.76321157002578,-0.002151257662797256,-0.7114272062179055
25.94179362118818,-0.002381250499993508,-0.7168118742940806
26.12161354399208,-0.00240937582755154,-0.7218775954710992
26.30267991895384,-0.002307166806130855,-0.7261267149958357
26.48500138606704,-0.002219001628935052,-0.7312959641723467
26.66858664521483,-0.002038221017624284,-0.7364709497648718
26.85344445658509,-0.002052032766346909,-0.7416309069920715
27.03958364108846,-0.001998809569800931,-0.7469869938265106
27.22701308077915,-0.002148608719425141,-0.7523233198348827
27.41574171927887,-0.002169875490728869,-0.7573019111711119
27.60577856220348,-0.002164831281915883,-0.7619004822285547
27.79713267759291,-0.002304566190214699,-0.7680058959954579
27.98981319634366,-0.002460123509097206,-0.7733881475933515
28.18382931264458,-0.002069419518719712,-0.7782779183837372
28.37919028441558,-0.002217850544869149,-0.7833583860302156
28.57590543374949,-0.002235367269330631,-0.7898891777794006
28.77398414735673,-0.002208075303653754,-0.7950665247106699
28.97343587701327,-0.002091140177880941,-0.7997727594419786
29.17427014001169,-0.002177606891526422,-0.8056869637682667
29.37649651961533,-0.002137856604155118,-0.8114949112614696
29.58012466551549,-0.002090042133524979,-0.816453452464998
29.78516429429194,-0.00242484126965129,-0.8225201999289595
29.99162518987653,-0.002182410971595432,-0.8285127789571831
30.19951720402019,-0.002148617906802854,-0.8338544073088485
30.40885025676283,-0.002409419268233042,-0.8400724842056491
30.61963433690682,-0.002318847508634525,-0.8460676027737151
30.83187950249356,-0.002526927266490225,-0.8513177073757205
31.04559588128359,-0.002381111306356355,-0.8575595866814183
31.26079367123959,-0.002263235602357595,-0.8640306383038521
31.47748314101321,-0.002175885883649526,-0.8695037046558767
31.69567463043494,-0.0024695002678977,-0.875087750404731
31.91537855100765,-0.002198519997467705,-0.8816372188299297
32.13660538640321,-0.002182306902980425,-0.8882527894555876
32.35936569296288,-0.002247035941550377,-0.8936013233830664
32.5836701002009,-0.002219981239263777,-0.9005350438659718
32.80952931131191,-0.002136564557685814,-0.9061899869545869
33.03695410368152,-0.002181903453027665,-0.9126933179109367
33.26595532940047,-0.002234004205863047,-0.9188442281269289
33.49654391578279,-0.002312719694770297,-0.9251678732111941
33.72873086588689,-0.002258916182102204,-0.9317849887702465
33.96252725904089,-0.002439490550182269,-0.9380270621689277
34.19794425137091,-0.002336785665774982,-0.9465369618831474
34.43499307633387,-0.002435541230313471,-0.9508100416461573
34.67368504525317,-0.002108057386616603,-0.9573944494842408
34.91403154785866,-0.002413413735600823,-0.9646945679199206
35.15604405282983,-0.002387077036339345,-0.9712655936216521
35.3997341083435,-0.002296535396479815,-0.9777802478924063
35.64511334262443,-0.002563541327548026,-0.9847014687682218
35.89219346450057,-0.002512355656925682,-0.9909985097795726
36.14098626396135,-0.00241319950692042,-0.9984203985229101
36.39150361272075,-0.002433405249969559,-1.00618543927893
36.64375746478333,-0.002410659889346782,-1.011365055458617
36.89775985701508,-0.002344039848075304,-1.018088834037858
37.15352290971728,-0.002452105333677743,-1.026052103424789
37.41105882720537,-0.002530623101144843,-1.033586763201953
37.67037989839089,-0.002360050922448638,-1.040913679383479
37.93149849736825,-0.002284563675551483,-1.04747718509996
38.19442708400468,-0.002615656026867494,-1.054891558933306
38.45917820453539,-0.002684084376625088,-1.062277144316937
38.72576449216173,-0.002614127656030618,-1.06966637464555
38.99419866765439,-0.002784459727236135,-1.076435037575664
39.26449353996001,-0.002556730279192712,-1.083857376564737
39.53666200681283,-0.002445056597517935,-1.092276657512571
39.81071705534973,-0.002531400733914372,-1.099768528921288
40.08667176273034,-0.002502942368139215,-1.107213603166109
40.36453929676053,-0.002527169232268438,-1.114696862413982
40.64433291652131,-0.002700582582965779,-1.122359056299608
40.9260659730011,-0.002617945315627093,-1.13023649265471
41.20975190973304,-0.002716039713160525,-1.138819256567068
41.49540426343633,-0.002705421212246529,-1.146116181645866
41.78303666466222,-0.002553262507679076,-1.154939432825714
42.07266283844442,-0.002361968602814106,-1.161745384263355
42.36429660495413,-0.002601627026963954,-1.170492915934261
42.6579518801593,-0.00259682643514995,-1.17795182257683
42.95364267648878,-0.002499499056768983,-1.186117926481842
43.25138310350088,-0.002645466122615849,-1.195459286780164
43.55118736855688,-0.002522647022438371,-1.201777691280718
43.8530697774986,-0.002709290753842152,-1.212352297661056
44.1570447353313,-0.002438720145937011,-1.21923044798487
44.46312674691089,-0.002440121915675433,-1.226801480809087
44.77133041763628,-0.002904966489285365,-1.235605206795299
45.08167045414605,-0.00292604130296687,-1.243758825305662
45.39416166502037,-0.002625690046500762,-1.252302462257148
45.70881896148752,-0.002646438137458089,-1.264412092546003
46.02565735813563,-0.002955590463565505,-1.27011500063773
46.34469197362884,-0.00270392508322128,-1.282205382498276
46.66593803142892,-0.002652741018038492,-1.287953751136897
46.98941086052156,-0.002767564819581363,-1.295680886037978
47.31512589614807,-0.002578969695048761,-1.304688480896132
47.64309868054161,-0.002589019663122076,-1.313898289459289
47.97334486366897,-0.002276537579495041,-1.325295993606737
48.30588020397728,-0.002868752732830257,-1.335563925408437
48.6407205691462,-0.002481028635409494,-1.341535112589241
48.97788193684466,-0.002970629922817825,-1.353781135293531
49.31738039549364,-0.002494791579924756,-1.362493612511088
49.65923214503363,-0.002528504441631356,-1.3698629320902
50.00345349769788,-0.002335607291995969,-1.37918236052781
50.35006087879053,-0.002699161583935863,-1.388239737554727
50.6990708274705,-0.002436777376173621,-1.400777225402408
51.05049999754065,-0.003001878756540859,-1.411673559139558
51.40436515824264,-0.002778809539757747,-1.417243745836529
51.76068319505681,-0.002953811518331455,-1.431349344032981
52.11947111050811,-0.002606993964555321,-1.438161953028882
52.48074602497728,-0.003082927984581999,-1.447880758630959
52.84452517751808,-0.002917902742182276,-1.459789296160693
53.21082592667948,-0.002860800273553623,-1.471022613873231
53.57966575133423,-0.003167562229815262,-1.479061467529593
53.95106225151279,-0.003040118010438411,-1.488219296861885
54.32503314924336,-0.002839865865083599,-1.500230472240048
54.70159628939721,-0.003461792964224746,-1.511544383212964
55.08076964054041,-0.002629799203587215,-1.520788840156825
55.4625712957911,-0.003174548270301664,-1.530282083582023
55.84701947368313,-0.00297808626268028,-1.542990311085578
56.23413251903497,-0.002747210572220883,-1.554638868196085
56.62392890382534,-0.002711766869869092,-1.564738483865547
57.01642722807478,-0.002942046043295692,-1.576386736862275
57.4116462207328,-0.003259732212604256,-1.585783862822268
57.80960474057186,-0.003256777130007085,-1.595719892409015
58.21032177708716,-0.002979244949330737,-1.607806716928387
58.6138164514029,-0.003303322265914597,-1.617791485991404
59.02010801718448,-0.003023350812423717,-1.629536300386974
59.42921586155732,-0.003277695194589709,-1.6402244222039
59.84115950603199,-0.0034309264815802,-1.652306664465641
60.25595860743581,-0.003238349251992723,-1.663098246678864
60.67363295885059,-0.003359268910584153,-1.674585315350569
61.09420249055727,-0.003233135812316872,-1.685899233622265
61.51768727098683,-0.003105003310226501,-1.698382422636755
61.94410750767818,-0.003229711232942041,-1.711311002068296
62.37348354824198,-0.003167119249920899,-1.72233596668957
62.80583588133187,-0.003215255432432706,-1.734158617087568
63.24118513762197,-0.003194852390245972,-1.746546916806594
63.67955209079162,-0.003137552176656793,-1.758951189444968
64.12095765851622,-0.003227683551439924,-1.770202526176718
64.56542290346563,-0.003190387833367208,-1.783268405564428
65.01296903430909,-0.003118837675906483,-1.795589335692412
65.46361740672754,-0.003223482734730967,-1.80779449209647
65.9173895244322,-0.003346049705919877,-1.820092830120245
66.37430704019096,-0.00308372976564585,-1.83270697661375
66.83439175686149,-0.003258792614849708,-1.845491546232353
67.29766562843182,-0.003165143841019397,-1.858124682064712
67.76415076106757,-0.00315406401887102,-1.870746705294238
68.23386941416705,-0.003327790052767949,-1.883122666802677
68.70684400142325,-0.003505493374284954,-1.897269152113256
69.1830970918937,-0.003413848897211411,-1.910592948548612
69.66265141107694,-0.003537818171625749,-1.923450254757412
70.14552984199722,-0.003440482730329782,-1.936844071724437
70.63175542629624,-0.00359995263678959,-1.950387993361673
71.12135136533296,-0.003729019513494088,-1.964287506287747
71.6143410212902,-0.003564114392680741,-1.977244758697108
72.11074791829004,-0.003749761839663916,-1.991420233880788
72.6105957435155,-0.003435035934022691,-2.004632672662026
73.11390834834179,-0.003582622827361059,-2.019307040494127
73.6207097494736,-0.003722102868835258,-2.032825848153266
74.13102413009184,-0.003852292599616644,-2.047048940776932
74.64487584100668,-0.003738475916923284,-2.060571630599156
75.1622894018206,-0.003746926668670359,-2.074924836034484
75.68328950209744,-0.003637591380236146,-2.089771384299262
76.20790100254131,-0.003713009330133233,-2.104189468790167
76.73614893618193,-0.00365235016773943,-2.118581272849973
77.2680585095703,-0.003626188517303532,-2.132902995366408
77.8036551039804,-0.003879286843330026,-2.148240773412432
78.34296427662129,-0.003822232133471947,-2.162591634934472
78.88601176185549,-0.003747086204052168,-2.1781516992639
79.43282347242821,-0.003716374518019512,-2.193127285218068
79.98342550070285,-0.003795452541778664,-2.208036851854615
80.53784411990678,-0.003844343919000451,-2.223662451946646
81.09610578538413,-0.003857533716397919,-2.238662122449597
81.65823713585931,-0.003971493881730801,-2.254942832034999
82.22426499470713,-0.003931733576500585,-2.270564439913798
82.79421637123353,-0.00387824246458304,-2.285333550275851
83.36811846196349,-0.003617490948313845,-2.301725035356043
83.94599865193982,-0.00377231029406237,-2.317829462228423
84.527884516029,-0.003798974720267896,-2.332943705949099
85.11380382023776,-0.00384473803087839,-2.349172613167582
85.70378452303702,-0.003737658809538402,-2.366406718266148
86.29785477669711,-0.003893671439479365,-2.382288389935972
86.89604292863018,-0.003719543765612583,-2.398885780469996
87.49837752274372,-0.003686793187234293,-2.415532279405397
88.10488730080148,-0.003951085206271016,-2.431886274450079
88.71560120379617,-0.003846851974803955,-2.449725939563734
89.33054837332953,-0.00399127346023508,-2.466078995293884
89.94975815300364,-0.003943524180506969,-2.482695247161288
90.57326008982007,-0.003980823379793881,-2.500354411043169
91.20108393559106,-0.004052849042943618,-2.518835752369796
91.83325964835811,-0.004268831969370294,-2.534930533879892
92.4698173938224,-0.003909566167137796,-2.552073119193587
93.1107875467831,-0.004242470922446802,-2.569610103037434
93.75620069258812,-0.004179273678127135,-2.588898789222839
94.40608762859236,-0.003832803760283667,-2.607011669119601
95.0604793656283,-0.003925841954178507,-2.62461317125657
95.71940712948451,-0.003980696862824784,-2.643127045350923
96.38290236239715,-0.004584669093523161,-2.661537276301658
97.05099672454899,-0.004211485162757639,-2.677983968077598
97.72372209558122,-0.004168162834478743,-2.699191412793709
98.40111057611345,-0.00401482839496573,-2.715523963944847
99.08319448927685,-0.004544779918076778,-2.734445121312987
99.77000638225536,-0.004504526198646774,-2.753872668887425
100.4615790278396,-0.004404427092471131,-2.772678495844673
101.1579454259899,-0.004413726647249606,-2.790808140291801
101.8591388054118,-0.004249491871910081,-2.810288766010274
102.5651926251408,-0.004747582343673848,-2.832015691236716
103.2761405761399,-0.004324665960525128,-2.849118075285702
103.992016582906,-0.004874406971872856,-2.870650026382958
104.7128548050901,-0.00460284728062801,-2.891347401067286
105.4386896391259,-0.004667805022914385,-2.910740509854293
106.1695557198726,-0.004646205313278986,-2.931166700787713
106.9054879222658,-0.004652777219516225,-2.951742620827034
107.6465213629836,-0.004977973133834878,-2.971613105167467
108.3926914021204,-0.004870034148926362,-2.990864813794039
109.1440336448757,-0.00503662994446069,-3.013892652594922
109.9005839432521,-0.004606126377431794,-3.0331131360638
110.6623783977667,-0.004809890130595905,-3.054073828104958
111.429453359173,-0.005017183268121486,-3.0760749764423
112.2018454301964,-0.005119194120223991,-3.096807372481038
112.9795914672798,-0.004875260871250096,-3.118453161330848
113.7627285823431,-0.004872868284604618,-3.139048496350195
114.5512941445536,-0.004634454767165004,-3.161630311782474
115.3453257821093,-0.005163105069492139,-3.183708949673985
116.1448613840343,-0.004866507220185316,-3.205971031997308
116.9499391019872,-0.005143853342923677,-3.227429807803168
117.7605973520808,-0.005114622059418511,-3.250383589362286
118.5768748167161,-0.004974705061239443,-3.274214582038013
119.3988104464274,-0.005055042058645817,-3.295464464550559
120.2264434617414,-0.005243296315151014,-3.318493271643732
121.0598133550483,-0.005274923302301913,-3.341158323607345
121.8989598924867,-0.005322334855248613,-3.364241333334235
122.7439231158408,-0.005108509713459913,-3.387768131134692
123.5947433444511,-0.005503189275029718,-3.410462420298472
124.4514611771386,-0.005351030114250513,-3.43502895797937
125.3141174941417,-0.005558213164875256,-3.458750123235404
126.1827534590671,-0.005333932019711196,-3.482162420771701
127.0574105208543,-0.00541278238700323,-3.506347339940163
127.9381304157525,-0.005626350756483506,-3.531044741347685
128.8249551693135,-0.005769085649153269,-3.555294840771509
129.7179270983956,-0.005467463357610967,-3.579766705211227
130.6170888131842,-0.0056491622326129,-3.604004427695307
131.5224832192239,-0.005782159815392305,-3.629507981435381
132.4341535194666,-0.006082857159502354,-3.65384828877464
133.3521432163325,-0.005996083848938942,-3.680324375620216
134.2764961137865,-0.005993714847431136,-3.705510763126263
135.2072563194278,-0.006286081819313056,-3.731019007392177
136.1444682465951,-0.00639971537733987,-3.757774529786445
137.0881766164854,-0.006190558954361269,-3.782845381804911
138.0384264602886,-0.006217431426037997,-3.808753191485943
138.9952631213354,-0.006496280191440678,-3.836043839864942
139.9587322572619,-0.006417646282776287,-3.862394629523891
140.9288798421875,-0.006477386388411365,-3.888822185020217
141.9057521689093,-0.006301617354969808,-3.916158347581927
142.8893958511104,-0.006736440688372215,-3.943146291453161
143.8798578255847,-0.006922853196173708,-3.970794587137155
144.8771853544762,-0.006779024860124398,-3.997004447287537
145.881426027535,-0.006831993505217389,-4.02558951273015
146.8926277643868,-0.006809966118106183,-4.053694157907477
147.9108388168209,-0.007021360957217156,-4.082349723073662
148.9361077710916,-0.007048663797460279,-4.109197439974608
149.9684835502375,-0.007146775054383374,-4.138671339544004
151.0080154164149,-0.007196619701516761,-4.16678222861097
152.0547529732497,-0.007058003458235849,-4.196279694226412
153.1087461682031,-0.007276106530482371,-4.224719857068209
154.1700452949561,-0.007440412727852964,-4.254112467533503
155.2387009958083,-0.007414892888544431,-4.283211285715089
156.3147642640955,-0.007551565785397002,-4.313309605499853
157.3982864466221,-0.007498927049080437,-4.342750684653645
158.4893192461115,-0.007550478471373688,-4.372960935859908
159.5879147236734,-0.007656605338354086,-4.403037973240515
160.6941253012879,-0.007936468480912949,-4.43395656912417
161.8080037643067,-0.007883891502915463,-4.464863121204075
162.9296032639724,-0.008084998479603672,-4.495602120141889
164.058977319954,-0.008262958777689308,-4.527239386757259
165.1961798229017,-0.008161974599919084,-4.558173357491874
166.3412650370171,-0.008186858686568804,-4.589410293696472
167.4942876026437,-0.007913056528313915,-4.621370866801811
168.6553025388743,-0.008341217903789319,-4.653128601073433
169.8243652461744,-0.008587101975123315,-4.68618888850682
171.0015315090289,-0.008415733139012954,-4.718122646952537
172.1868574986007,-0.008637715938322845,-4.750395974890154
173.3803997754139,-0.00853684987629333,-4.783579617063836
174.5822152920504,-0.008585215389232258,-4.816320346206432
175.7923613958694,-0.008717626780995663,-4.849895623112275
177.0108958317421,-0.008690211611218093,-4.883980218975069
178.2378767448091,-0.008825201471878463,-4.91688584172168
179.4733626832527,-0.008914835471975011,-4.951390422237431
180.7174126010928,-0.00904087964284586,-4.984936086066767
181.9700858609984,-0.009296842902237052,-5.020088850603173
183.2314422371213,-0.00922141824184922,-5.054871996502833
184.5015419179473,-0.009212356950157837,-5.090193250312353
185.78044550917,-0.009384107774154051,-5.12629339659432
187.0682140365801,-0.00964164838001328,-5.160112380994747
188.3649089489802,-0.009810052073623945,-5.196631757245285
189.6705921211147,-0.009921146647942981,-5.232768922327452
190.985325856624,-0.01011388419280609,-5.270235852490771
192.3091728910159,-0.01015688162672714,-5.305404076221583
193.6421963946609,-0.01008232977343554,-5.341274410435773
194.9844599758046,-0.01026479268970965,-5.379905871954875
196.3360276836048,-0.01037819830866762,-5.415659630364758
197.6969640111861,-0.01067066651728493,-5.454445426455337
199.0673338987188,-0.0107274634513783,-5.492325319258924
200.4472027365161,-0.0106795144917395,-5.529994698072841
201.8366363681563,-0.01094527053585486,-5.568841902014952
203.2357010936222,-0.01118572974533719,-5.606503836263983
204.6444636724676,-0.01110957190627102,-5.644709417060824
206.062991327,-0.01162923195680755,-5.684535728985509
207.4913517454912,-0.01141405034363461,-5.723975844026469
208.929613085404,-0.01145259703922726,-5.763552640742123
210.3778439766477,-0.01151992751102751,-5.802642933225258
211.8361135248502,-0.0116009017803516,-5.844056109977501
213.3044913146578,-0.01198454731014319,-5.884855294875621
214.7830474130534,-0.0119138873174978,-5.924415478198142
216.2718523727023,-0.01213732967859503,-5.966632825158712
217.7709772353159,-0.01244031118199172,-6.006456385493976
219.2804935350451,-0.01242031060337149,-6.049414808285718
220.80047330189,-0.01263509909825471,-6.090689281293265
222.3309890651406,-0.01290395132763597,-6.133218739477854
223.872113856834,-0.01293616561137883,-6.175467638432735
225.4239212152432,-0.01286074077578914,-6.217630399783943
226.9864851883822,-0.01299791158569758,-6.261370136799641
228.5598803375432,-0.01351673922882068,-6.303953810577781
230.1441817408509,-0.01346900026250324,-6.348812723604574
231.7394649968481,-0.01353741494598211,-6.391999459566463
233.3458062281003,-0.01385001534460917,-6.436257909545807
234.963282084831,-0.01408152056768256,-6.481307537734324
236.5919697485759,-0.01411148645243923,-6.526014247560063
238.2319469358693,-0.01416794530996593,-6.57066385871417
239.8832919019491,-0.01425210722929048,-6.616188945431787
241.5460834444943,-0.01452136155531962,-6.661922347212717
243.2204009073816,-0.01452404696108811,-6.707852560225263
244.9063241844748,-0.01492265593168812,-6.75458395090277
246.603933723434,-0.01504750368343529,-6.800984586768434
248.3133105295573,-0.0153297006951121,-6.848563983437998
250.0345361696432,-0.01527849863709185,-6.896700937126811
251.7676927758858,-0.0151318659600413,-6.944156959854212
253.5128630497908,-0.01558370510831029,-6.992352350487351
255.2701302661249,-0.01582717676796321,-7.040525480934779
257.0395782768865,-0.01601099333131051,-7.087432435632834
258.8212915153093,-0.01627236515104724,-7.138105537378721
260.6153549998896,-0.01646054501085856,-7.187508310889129
262.4218543384443,-0.01640013169051231,-7.237410577794435
264.2408757321948,-0.01669406083343367,-7.28757195891707
266.0725059798811,-0.0170043951264031,-7.337600526978939
267.9168324819033,-0.01702407278544696,-7.388498276841077
269.7739432444922,-0.01724862289659134,-7.440583896404704
271.6439268839084,-0.01757947385554069,-7.49167469926833
273.5268726306714,-0.01777637818864908,-7.542390373892459
275.4228703338167,-0.01789109380057545,-7.595768278140312
277.3320104651842,-0.01821096319889513,-7.648664188503517
279.2543841237339,-0.01811605368857009,-7.700796847778562
281.1900830398943,-0.01871857391814417,-7.754976637666516
283.139199579938,-0.01900324086105365,-7.808016842630842
285.1018267503911,-0.01911009302255121,-7.862851491848119
287.0780582024692,-0.01928605046140312,-7.917152422681838
289.0679882365478,-0.01949456330980932,-7.971483799141666
291.0717118066607,-0.01997375160098615,-8.026062490906622
293.0893245250323,-0.02004705308170966,-8.0821046893644
295.1209226666387,-0.02030907214466358,-8.138564603529318
297.1666031738029,-0.02050270392688579,-8.194504466573591
299.226463660819,-0.02056421567809136,-8.251075208381693
301.3006024186123,-0.02083529731433825,-8.308513877539497
303.3891184194272,-0.0212115008257618,-8.366334655039168
305.4921113215515,-0.02137203507763933,-8.423249011735855
307.609681474071,-0.02166558261147663,-8.481295639429362
309.7419299216583,-0.02190363976545127,-8.541269633357075
311.8889584093939,-0.02225517071612844,-8.599785147998986
314.050869387622,-0.02235439106503753,-8.659727541713067
316.2277660168381,-0.02285541531834226,-8.719357133177581
318.4197521726125,-0.02321404978608713,-8.780816503841422
320.6269324505467,-0.02321119664609832,-8.841036492691629
322.8494121712636,-0.02352648118103916,-8.902240988924948
325.0872973854346,-0.02382713714968095,-8.963796551181716
327.3406948788383,-0.02392889009478424,-9.026431125478689
329.6097121774579,-0.0241806490327251,-9.088660572332564
331.8944575526104,-0.0248006318702645,-9.151859229804046
334.1950400261144,-0.02508157119718624,-9.215900615639438
336.5115693754908,-0.02547309946213775,-9.278582222486818
338.8441561392028,-0.02543351770784713,-9.343323846629374
341.1929116219287,-0.0258126551659524,-9.406614096226178
343.5579478998748,-0.02597088409235996,-9.472244582220219
345.939377826122,-0.02665711770078671,-9.538413110632234
348.337315036012,-0.02687359685563852,-9.60431051228602
350.7518739525681,-0.02719200520575942,-9.671196956772917
353.1831697919572,-0.02739169396040323,-9.738014511657411
355.6313185689854,-0.02776229534432496,-9.804222604004053
358.0964371026362,-0.0280893899234906,-9.873004455938187
360.5786430216426,-0.02856791442998335,-9.940540416028767
363.0780547701016,-0.02902373254464723,-10.01009904761629
365.594791613125,-0.02920345473464853,-10.07950664946642
368.1289736425317,-0.0294412701130323,-10.14982167957155
370.6807217825762,-0.02969230498218416,-10.21991378313616
373.2501577957208,-0.03055179126253064,-10.29133809174265
375.8374042884443,-0.03075053903955095,-10.36101595566502
378.4425847170936,-0.03105334350719749,-10.43281593444127
381.0658233937732,-0.03141861900214415,-10.50657050000187
383.707245492279,-0.03182505086373803,-10.57785132867638
386.3669770540693,-0.03234122564953103,-10.65100994899188
389.0451449942809,-0.03242326533290173,-10.72632103147352
391.7418771077832,-0.03322480689363104,-10.79999941337357
394.4573020752787,-0.03310573244243149,-10.87617409603662
397.1915494694405,-0.03376877175790444,-10.94981391107771
399.9447497610978,-0.03397933562339839,-11.02457839844542
402.7170343254593,-0.03461760401388881,-11.10111920102752
405.5085354483842,-0.03486327131244255,-11.17872406156476
408.3193863326923,-0.03560071227986968,-11.25694143276277
411.1497211045225,-0.03588254300212364,-11.33499094645384
413.9996748197306,-0.0360962937530051,-11.411546811196
416.8693834703357,-0.03692869474280947,-11.4907878875723
419.7589839910078,-0.03700330437471488,-11.57096593000119
422.6686142656033,-0.03760322512689317,-11.65135541854903
425.5984131337433,-0.03847539715134203,-11.73167826247202
428.5485203974399,-0.03861887026640806,-11.81469338112142
431.5190768277654,-0.03919862091201875,-11.89513677485755
434.5102241715719,-0.03951780631992488,-11.97746046714533
437.5221051582523,-0.0402573710558531,-12.06137010219558
440.5548635065537,-0.04101006766360728,-12.14434046276033
443.6086439314328,-0.04112549987365342,-12.22767299979558
446.6835921509635,-0.04158708206213801,-12.31315745452211
449.7798548932882,-0.04252486955681278,-12.39908823122681
452.8975799036211,-0.04308397396594855,-12.48440836446777
456.0369159512964,-0.04359005379368341,-12.57056476686238
459.1980128368689,-0.04406596109513503,-12.65821271028257
462.3810213992606,-0.0444805367360003,-12.74437313018706
465.5860935229593,-0.04513803078577436,-12.83328559712476
468.8133821452655,-0.04573948461255194,-12.92263651284929
472.0630412635909,-0.04622753316760041,-13.01199307323938
475.3352259428056,-0.04673394346256635,-13.10179282319827
478.6300923226388,-0.04738537897545515,-13.19243843615842
481.9477976251276,-0.04790922413247019,-13.28324057002803
485.2885001621215,-0.04848279293269636,-13.37768590892103
488.6523593428337,-0.04942434050131374,-13.46981831159957
492.0395356814509,-0.04997098145241272,-13.56208105376307
495.4501908047903,-0.05056268420400629,-13.6556446391775
498.8844874600122,-0.05097712424945389,-13.75066230006647
502.3425895223871,-0.05163179252618975,-13.84650516173775
505.824662003114,-0.05249356458985011,-13.94279137521724
509.3308710571955,-0.05310252549832116,-14.0379243350514
512.8613839913648,-0.05371646798137308,-14.13451570568634
516.4163692720711,-0.05447991288325107,-14.23327859931568
519.9959965335159,-0.05514242597073289,-14.33330838153097
523.6004365857503,-0.05585912198848182,-14.43151801279627
527.2298614228226,-0.05639721285552886,-14.53179276054531
530.8844442309885,-0.05748697080760602,-14.6328497541187
534.5643593969717,-0.05785491006616024,-14.73315794453451
538.2697825162884,-0.0586410427065872,-14.83664846358393
542.0008904016239,-0.05957371998793891,-14.93841185502305
545.757861091271,-0.06024863530052038,-15.04154516902442
549.5408738576245,-0.06127347338782711,-15.14852524997158
553.3501092157368,-0.06176468090549082,-15.2517784348135
557.1857489319299,-0.06303137701652779,-15.35711786882342
561.0479760324706,-0.06347231908443242,-15.46315250661907
564.9369748123025,-0.06420334275909954,-15.57119515870304
568.8529308438416,-0.06505900506835655,-15.6795745688398
572.7960309858292,-0.06623510788923578,-15.78569047107312
576.7664633922509,-0.06686116714579886,-15.89709777384203
580.7644175213121,-0.06761331097123369,-16.00878564323751
584.7900841444809,-0.06920212274652744,-16.11770602409814
588.843655355589,-0.06959027030843831,-16.22834882581293
592.9253245800001,-0.07078087120308542,-16.34180181592012
597.035286583837,-0.07121218066931789,-16.4537026454519
601.1737374832783,-0.07250078428093798,-16.57057594239771
605.3408747539136,-0.07336629600281433,-16.68393156461764
609.5368972401693,-0.07450236346138692,-16.80103158731188
613.7620051647942,-0.07540126520798099,-16.91477237773901
618.0164001384161,-0.07648505861096752,-17.03151758811921
622.3002851691596,-0.07728770385304225,-17.15234893753555
626.6138646723356,-0.07843130868309534,-17.27063977133437
630.9573444801933,-0.07897567836287546,-17.3909020392015
635.3309318517439,-0.08007470211170364,-17.51171154707041
639.7348354826482,-0.08171287120579826,-17.63057165873073
644.1692655151775,-0.08254094193016184,-17.75376223991071
648.6344335482385,-0.08359042774754036,-17.87634476575202
653.1305526474727,-0.08501654281089718,-18.00006507424443
657.6578373554205,-0.08576901240018803,-18.12625289035206
662.2165037017621,-0.08665560683341954,-18.25272722013715
666.8067692136221,-0.08847834217769929,-18.37735906108651
671.4288529259527,-0.08899151777244373,-18.50773819931854
676.0829753919818,-0.09055897654991941,-18.63348054578037
680.7693586937418,-0.09168306391729898,-18.76074024253776
685.4882264526617,-0.09249504147063126,-18.89251949427647
690.2398038402423,-0.09420966562800298,-19.02710388317707
695.024317588797,-0.09513819814624445,-19.15341441892237
699.8419960022737,-0.09650555351024176,-19.28933870706912
704.6930689671472,-0.09779250529638921,-19.42142940209282
709.5777679633891,-0.09928964249106764,-19.55622361647511
714.4963260755134,-0.09987829187028141,-19.69144518186896
719.4489780036998,-0.1018078745372428,-19.83005312686772
724.4359600749902,-0.1029214902118931,-19.96852071608311
729.457510254569,-0.1043132342238507,-20.10696431918865
734.5138681571151,-0.1056994762398587,-20.24448856517417
739.6052750582381,-0.1069746424692604,-20.38540112617946
744.7319739059892,-0.1088803320169258,-20.53077452593428
749.8942093324562,-0.1098187571450985,-20.67083420249526
755.0922276654342,-0.1112386703904092,-20.81119507509524
760.3262769401822,-0.1133311187435567,-20.95669534991028
765.5966069112566,-0.1147728919353597,-21.10146320669007
770.9034690644305,-0.1161088914075352,-21.24833244021974
776.2471166286919,-0.1178307072496306,-21.39313490595645
781.62780458833,-0.1192414351075027,-21.54287958889773
787.0457896950988,-0.1208857514374789,-21.6936712411782
792.5013304804722,-0.122059072189364,-21.84288080478071
797.9946872679769,-0.1241274823805112,-21.99466312002427
803.5261221856177,-0.1252906299536933,-22.14982008711799
809.0958991783825,-0.1270412943042372,-22.30303786186271
814.7042840208401,-0.1289927409211962,-22.45419257525523
820.3515443298186,-0.1306493014799434,-22.61214849059869
826.0379495771791,-0.1324117167992696,-22.76928989300158
831.7637711026713,-0.1345931664205692,-22.92841729074914
837.529282126883,-0.1361908777611963,-23.08497292771759
843.3347577642757,-0.138380878406823,-23.24592260793875
849.1804750363144,-0.1399962628288927,-23.41036041529227
855.0667128846836,-0.1419946788519985,-23.56685914306252
860.9937521846011,-0.1444029534299356,-23.73022894467071
866.961875758217,-0.1461442419656621,-23.89814577619263
872.9713683881121,-0.1473271120496632,-24.06341684790888
879.0225168308846,-0.1497187707067312,-24.23158143171401
885.1156098308361,-0.152068873131764,-24.39767691344691
891.2509381337459,-0.154300070425131,-24.56967259521298
897.4287945007491,-0.1561742594979634,-24.73887284741068
903.6494737223018,-0.1581720184109045,-24.90908192599028
909.9132726322522,-0.1605133613788152,-25.08549014244655
916.2204901220001,-0.1624203918157067,-25.25452005616187
922.5714271547639,-0.1644007350932431,-25.43356648506006
928.9663867799368,-0.1666576249880098,-25.60684373558922
935.4056741475526,-0.17015738904051,-25.78586054123346
941.8895965228418,-0.1715582030509046,-25.96871116067325
948.4184633008978,-0.1735801664408518,-26.1461520444139
954.9925860214364,-0.1754879348007471,-26.3281391666661
961.6122783836653,-0.1779331256842843,-26.51195180327329
968.2778562612496,-0.1816855346637478,-26.69513175281197
974.9896377173876,-0.1831040924575325,-26.88208431540848
981.7479430199849,-0.185930412499512,-27.0684024570738
988.5530946569396,-0.1885195928125005,-27.25138243463437
995.4054173515274,-0.1911569735246775,-27.44384815841599
1002.3052380779,-0.1931155120848791,-27.63122828762168
1009.252886076685,-0.1965617115272869,-27.83535762169043
1016.248692870696,-0.1992627412832401,-28.02426746346798
1023.292992280755,-0.2013033769159873,-28.2121459156623
1030.386120441617,-0.2036527512946425,-28.41192609070896
1037.528415818013,-0.207042678850544,-28.61432719722072
1044.720219220801,-0.2109842498547065,-28.81191666755923
1051.961873823223,-0.2123992841334729,-29.01165584599462
1059.253725177289,-0.2169612229972666,-29.20526126997446
1066.596121230258,-0.2184267292509276,-29.40848924163004
1073.989412341245,-0.2229232372326562,-29.61594395669238
1081.433951297939,-0.2244525591704193,-29.81884533050757
1088.930093333434,-0.2278867107281439,-30.02566115567765
1096.478196143186,-0.2306248210084473,-30.23151157184104
1104.078619902074,-0.2337064303532945,-30.44463658975479
1111.731727281592,-0.237715418084022,-30.66360547558166
1119.437883467152,-0.2405991956580017,-30.86816447084869
1127.197456175511,-0.2438457836327773,-31.08429152736102
1135.010815672316,-0.2471409219672191,-31.30158142027614
1142.878334789772,-0.2509166133142043,-31.51637432442239
1150.800388944436,-0.2542942909345344,-31.73776390950945
1158.777356155126,-0.2574536980342457,-31.96052620746421
1166.809617060962,-0.2611943182601994,-32.17963985175237
1174.897554939529,-0.2647016646527574,-32.40505432706603
1183.041555725165,-0.2679258271049783,-32.63655327333289
1191.242008027375,-0.2723325483608589,-32.8597031506791
1199.499303149379,-0.2764125491659403,-33.08113771288038
1207.81383510678,-0.280427454193321,-33.32329635664861
1216.186000646368,-0.283940186750563,-33.5526451429634
1224.616199265049,-0.2876637737362467,-33.78342562946495
1233.104833228909,-0.290732790172756,-34.01112925878142
1241.652307592411,-0.2968292540629718,-34.25551462783269
1250.25903021772,-0.2995806194583899,-34.50039898409659
1258.925411794167,-0.3047463469609303,-34.73265881561302
1267.651865857846,-0.3093805857296896,-34.97450785491403
1276.438808811344,-0.314532476150478,-35.21489421670062
1285.286659943615,-0.3178782815620212,-35.46474390288804
1294.195841449986,-0.3205174623955944,-35.70883909948277
1303.166778452299,-0.3272557844761406,-35.96527307254825
1312.199899019203,-0.3307781182298272,-36.20360379860073
1321.295634186575,-0.3355146840874235,-36.45258380674886
1330.454417978091,-0.3403861246750567,-36.72261078735883
1339.676687425935,-0.3471998335021893,-36.98526823148086
1348.962882591654,-0.3485237088055995,-37.2309302367951
1358.313446587154,-0.3535911109537232,-37.48880158553641
1367.728825595849,-0.3580190287867021,-37.74239090033696
1377.209468893946,-0.3637210949411645,-38.013223528428
1386.755828871889,-0.3702867602143377,-38.28734015513577
1396.368361055938,-0.374749118216249,-38.54459024712446
1406.047524129914,-0.3794595788067464,-38.81089422853067
1415.793779957082,-0.3840918232500559,-39.07875052791938
1425.607593602188,-0.3933160198928209,-39.34928763424129
1435.489433353656,-0.3975948216848352,-39.64545404857846
1445.439770745928,-0.4016895750584027,-39.89221047233087
1455.459080581966,-0.4082577791943277,-40.19275633113661
1465.547840955912,-0.4140143610745679,-40.46187695297971
1475.706533275895,-0.4201833292694724,-40.75129034852254
1485.935642287007,-0.425591781287244,-41.01945573297539
1496.235656094433,-0.4318444787327037,-41.33542986001351
1506.607066186742,-0.4385395893470903,-41.60750828424885
1517.050367459337,-0.4435243854550403,-41.88474798125042
1527.566058238073,-0.449868030984272,-42.18347610795717
1538.154640303035,-0.4550667303400878,-42.47147911676696
1548.816618912482,-0.4618821497545889,-42.77158157362021
1559.552502826954,-0.4700684759406608,-43.08184681668034
1570.362804333553,-0.4759119563655352,-43.38092967793965
1581.248039270384,-0.4805219673625726,-43.66919450789675
1592.20872705117,-0.4878950418247296,-43.98306387948605
1603.245390690042,-0.496762024306122,-44.28737848728986
1614.358556826486,-0.5033322783227874,-44.58991435790933
1625.548755750484,-0.508691685383692,-44.91829765183903
1636.816521427809,-0.5176762141763718,-45.21684431739514
1648.162391525509,-0.5256985678750753,-45.53598639609847
1659.586907437561,-0.5325220458695954,-45.85975988398631
1671.090614310708,-0.5414916076752416,-46.16833951381761
1682.674061070468,-0.5548651419932833,-46.53242757159106
1694.337800447329,-0.5568651402231919,-46.81132839640019
1706.082389003124,-0.5660429107408118,-47.16684866193526
1717.908387157588,-0.5727477826324376,-47.48931135089609
1729.816359215102,-0.5815633877531501,-47.84680838964431
1741.806873391615,-0.586738268779189,-48.15853647591302
1753.880501841762,-0.600068504794085,-48.47197376540342
1766.037820686165,-0.6082376711257388,-48.80837284250637
1778.279410038923,-0.6163177777548284,-49.17322762103009
1790.605854035295,-0.6278794823395196,-49.49861674857232
1803.017740859569,-0.6379054026550062,-49.86883392422273
1815.515662773136,-0.6429128295898224,-50.18557910890987
1828.100216142743,-0.6606090143158636,-50.58671936707287
1840.772001468956,-0.6647256246467947,-50.89862387982355
1853.531623414812,-0.6773893821375226,-51.26723920978496
1866.379690834671,-0.68369647850574,-51.61507368996008
1879.316816803269,-0.6908451158169492,-51.99345581221963
1892.343618644976,-0.7123793857785405,-52.36768170787796
1905.460717963248,-0.7163495604959219,-52.71335379547699
1918.66874067029,-0.7253693816338505,-53.07224537281502
1931.968317016925,-0.7474817395186238,-53.45711468690903
1945.360081622664,-0.7507013071066786,-53.80961677045445
1958.844673505991,-0.7583460293072866,-54.21835044990083
1972.422736114854,-0.7773154717791637,-54.57928120892882
1986.094917357372,-0.7925460305632843,-54.9532972243637
1999.861869632745,-0.7943383432704396,-55.34486902130369
2013.724249862389,-0.8073726914023931,-55.74237402343897
2027.682719521283,-0.8133382338265926,-56.07321566397485
2041.73794466953,-0.8385665671350233,-56.50509314100523
2055.890595984143,-0.8494688624314337,-56.88050092691446
2070.141348791043,-0.8661309687679482,-57.28129043259315
2084.490883097289,-0.8578224240693582,-57.70980740138897
2098.939883623525,-0.8921813074191755,-58.07788702536513
2113.489039836648,-0.8971698135010948,-58.46758214250625
2128.139045982713,-0.9054757854330377,-58.91556192197366
2142.890601120059,-0.9316124895271793,-59.29814092946636
2157.744409152667,-0.9469370065095626,-59.70211211626554
2172.701178863746,-0.9485381709318653,-60.14796913434573
2187.761623949553,-0.9684079175306476,-60.56440566628363
2202.926463053457,-0.9877307676498281,-60.95352345506339
2218.19641980022,-1.004330415147058,-61.36727444536537
2233.572222830533,-1.014086780765126,-61.82636597060173
2249.054605835782,-1.031241765675007,-62.23457763311126
2264.644307593061,-1.046919492838832,-62.67756622465019
2280.342072000419,-1.064722370774471,-63.09644515341083
2296.148648112363,-1.078296870104724,-63.55691732119713
2312.064790175596,-1.092560132387158,-64.00174349091196
2328.091257665009,-1.110229520188733,-64.43142074545545
2344.228815319923,-1.131329051092679,-64.84692407195723
2360.478233180578,-1.146799248990335,-65.30228608950284
2376.840286624878,-1.163641004298849,-65.75628506842328
2393.315756405389,-1.180730260009284,-66.21688092094141
2409.905428686596,-1.195013447448157,-66.70592685170308
2426.610095082417,-1.213847977898728,-67.15955500641513
2443.430552693973,-1.231748725212239,-67.61798965059697
2460.367604147629,-1.249082855436771,-68.10090312194006
2477.422057633287,-1.267368619903011,-68.59689492759011
2494.594726942956,-1.291754162954147,-69.01298546508328
2511.886431509582,-1.309480479878494,-69.4870634616282
2529.297996446146,-1.329071311904875,-69.99535709106618
2546.830252585042,-1.348300428578802,-70.47605878779261
2564.484036517719,-1.371034354723682,-70.93316324052698
2582.260190634598,-1.389344798688245,-71.47077244756818
2600.159563165274,-1.412929138123064,-71.94243713852111
2618.183008218987,-1.432866801655923,-72.42622225644259
2636.331385825381,-1.45568884782962,-72.91003671853115
2654.605561975541,-1.474911439547226,-73.46719966351213
2673.006408663313,-1.497212375535338,-73.95681531141302
2691.534803926917,-1.520812062910155,-74.45443259811499
2710.191631890844,-1.545300409982714,-74.96714999752916
2728.977782808042,-1.568983923155912,-75.47497999667118
2747.894153102397,-1.590877247728518,-76.00943175239804
2766.941645411511,-1.613067062127411,-76.54388613410018
2786.12116862977,-1.641877976384878,-77.05439708675092
2805.433637951713,-1.667208443690622,-77.59527295741147
2824.879974915706,-1.692208838975729,-78.11894725313647
2844.461107447915,-1.718590051932857,-78.65400133996988
2864.177969906581,-1.743689946108358,-79.19116902734307
2884.031503126605,-1.771191880223603,-79.72333993905261
2904.022654464451,-1.79756361642757,-80.27697170465299
2924.152377843335,-1.825758321989427,-80.81199861214432
2944.421633798761,-1.855872240586195,-81.39938213789087
2964.831389524342,-1.882780706891951,-81.94768585202313
2985.382618917959,-1.91228351530917,-82.50742175785462
3006.076302628231,-1.940733419123508,-83.05416899967115
3026.913428101305,-1.970504011865923,-83.63299476405709
3047.894989627983,-2.001162879823662,-84.20403864768787
3069.021988391157,-2.032816817262032,-84.75722463781943
3090.295432513591,-2.064281214836734,-85.33442409411884
3111.716337106017,-2.096721135428437,-85.95533976104484
3133.285724315585,-2.130609066520262,-86.51172277444184
3155.004623374627,-2.160862662285136,-87.1006702502861
3176.87407064977,-2.193527620888831,-87.69709235923796
3198.895109691397,-2.228750297914568,-88.28763530498628
3221.068791283434,-2.263567642760793,-88.88839853455561
3243.396173493492,-2.298919961396352,-89.47241963770762
3265.878321723358,-2.334974333690102,-90.09976414238477
3288.51630875983,-2.369857579896353,-90.70673743189971
3311.311214825911,-2.409630329465933,-91.31554543654269
3334.264127632349,-2.445147579717752,-91.92112381059167
3357.376142429546,-2.483451401869724,-92.53832929544927
3380.648362059816,-2.523418802483564,-93.17103154368945
3404.081897010009,-2.561413269706867,-93.79954174399046
3427.677865464504,-2.601442702764557,-94.39763689306554
3451.437393358563,-2.640799344927067,-95.05348114471539
3475.361614432058,-2.681804958988543,-95.68824307209422
3499.451670283573,-2.726538396589528,-96.31323628200165
3523.708710424872,-2.767413316155337,-96.96913768488116
3548.133892335755,-2.812163257409665,-97.60946326176429
3572.728381519289,-2.854917104874324,-98.24847664568557
3597.493351557423,-2.898156909235192,-98.92434366768867
3622.429984166986,-2.945643025949043,-99.55301677488922
3647.539469256078,-2.991687886704623,-100.2246655016434
3672.823004980847,-3.038367609076173,-100.8668187901125
3698.281797802662,-3.085995068541562,-101.5397450074479
3723.917062545685,-3.134501248174242,-102.1868449579491
3749.730022454835,-3.184267181628415,-102.8716186953546
3775.72190925416,-3.234495686057329,-103.5539301788133
3801.893963205612,-3.282363856102018,-104.1990038215903
3828.247433168227,-3.334320684492824,-104.889928048202
3854.783576657718,-3.386222753354997,-105.5428114871344
3881.503659906483,-3.438996961936141,-106.2405180795292
3908.40895792402,-3.492850368763724,-106.946396089086
3935.500754557775,-3.547891914359294,-107.6003799341599
3962.780342554395,-3.603900483920136,-108.309243029213
3990.249023621421,-3.658271148848351,-108.9999052834125
4017.9081084894,-3.716689021273398,-109.6911441828111
4045.758916974427,-3.775865338141364,-110.3908565216227
4073.802778041128,-3.834986460858172,-111.1040530170064
4102.041029866069,-3.891709881541651,-111.7816535308936
4130.475019901613,-3.955374729054609,-112.5464998595141
4159.106104940221,-4.013918395731829,-113.198889576584
4187.935651179184,-4.077221167022994,-113.9230886906494
4216.965034285823,-4.139930659614405,-114.6333843966535
4246.19563946313,-4.202542207269859,-115.3445270648259
4275.628861515863,-4.267328242201717,-116.0471499872601
4305.266104917107,-4.333119982696844,-116.7772693564303
4335.108783875289,-4.400311545724335,-117.5038050118552
4365.15832240166,-4.46957026218991,-118.2111938135085
4395.416154378246,-4.537742280100784,-118.913585018532
4425.883723626266,-4.603478515919196,-119.6527224238445
4456.562483975034,-4.674982669056201,-120.3798211409657
4487.453899331323,-4.746080164905083,-121.0698648057939
4518.559443749225,-4.819407995527216,-121.827584547423
4549.880601500487,-4.892758352858774,-122.5484650989685
4581.418867145336,-4.966350104103023,-123.2803270976084
4613.175745603795,-5.040930323216281,-124.0160264202563
4645.152752227496,-5.117071847196774,-124.7546979428965
4677.351412871983,-5.195340573097043,-125.4990445501363
4709.77326396953,-5.272874457010395,-126.2168982658321
4742.419852602447,-5.353038267097157,-126.9428234508588
4775.29273657691,-5.432724873601548,-127.6513246804263
4808.393484497286,-5.512169194317141,-128.4199276475035
4841.723675840994,-5.596073357096007,-129.1479517248018
4875.284901033864,-5.67865207681103,-129.8968380348283
4909.078761526032,-5.760219205609602,-130.6230627921861
4943.106869868356,-5.846345323738018,-131.3671616630853
4977.370849789361,-5.930193134515676,-132.086697706882
5011.872336272725,-6.020532437031165,-132.8547001732158
5046.612975635285,-6.104136508163624,-133.5750389299681
5081.594425605606,-6.195018238056767,-134.3216810216891
5116.818355403078,-6.284974150397366,-135.0695164691382
5152.286445817566,-6.376111712379476,-135.8013356740395
5188.000389289613,-6.466583739812275,-136.5439362027259
5223.9618899912,-6.5619263733417,-137.2961525146124
5260.172663907063,-6.651045388028476,-137.9913067576162
5296.63443891658,-6.751241515080747,-138.7654794983573
5333.348954876212,-6.848054189943388,-139.4823992914376
5370.317963702529,-6.940644369930372,-140.2115982399991
5407.54322945581,-7.040075698805357,-140.9538248863408
5445.026528424214,-7.139048997516114,-141.6578801920964
5482.76964920854,-7.237593224737589,-142.393890293337
5520.774392807576,-7.338484033448454,-143.1411766954698
5559.042572704038,-7.439347213139323,-143.8295555331358
5597.576014951103,-7.543878993316905,-144.6236629990299
5636.376558259546,-7.648937747411973,-145.3790574529858
5675.446054085473,-7.748873992784844,-146.045136828764
5714.786366718673,-7.858640070397169,-146.7933284886691
5754.399373371572,-7.961585428585459,-147.5041868508624
5794.286964268812,-8.067949978901934,-148.2362853891666
5834.45104273745,-8.176993272266726,-148.9638341095068
5874.89352529777,-8.287529393117801,-149.6761997817034
5915.616341754741,-8.391700964082217,-150.3595652072612
5956.621435290107,-8.506487604515666,-151.0853187293667
5997.910762555097,-8.609367043577885,-151.7858361266194
6039.486293763801,-8.727049262406448,-152.4879028926508
6081.350012787181,-8.8412814603032,-153.1740152781306
6123.503917247736,-8.959860124557014,-153.9563607790053
6165.950018614824,-9.069526312661221,-154.5843545815909
6208.690342300638,-9.194470761346619,-155.3474659247624
6251.726927756861,-9.30957009942774,-156.0294639494483
6295.061828571978,-9.41572123393933,-156.748093172377
6338.697112569273,-9.535274487080425,-157.4316600865017
6382.63486190549,-9.664095457551996,-158.1315057680546
6426.877173170199,-9.772955533487826,-158.8259855836822
6471.426157485835,-9.893570043672771,-159.5748451755277
6516.283940608425,-10.02491725740574,-160.2289220171131
6561.452663029051,-10.1383516895442,-160.8914991685773
6606.934480075958,-10.27493048163471,-161.5161656823928
6652.731562017412,-10.4039424717256,-162.225195286399
6698.846094165263,-10.52493977503207,-162.9167717232424
6745.280276979218,-10.63982105873847,-163.5642100628887
6792.036326171843,-10.76327432400969,-164.3190419381078
6839.116472814292,-10.90580243125592,-164.9322899912799
6886.52296344276,-11.03124956338172,-165.5827266940204
6934.258060165689,-11.14749591144772,-166.3182008736146
6982.324040771712,-11.27659718630204,-166.9435080821785
7030.723198838332,-11.416273392545,-167.627231608773
7079.457843841377,-11.54316304696759,-168.2731016824176
7128.530301265194,-11.68134368620132,-168.9194987163186
7177.942912713615,-11.8166165136376,-169.58193533616
7227.698036021701,-11.9371116779578,-170.1713327639818
7277.798045368238,-12.07682601750298,-170.8534502795884
7328.245331389039,-12.21124063565056,-171.4856866786666
7379.042301291008,-12.3530835838289,-172.1486738510525
7430.191378967012,-12.48768285532502,-172.760378086838
7481.695005111542,-12.62226423074245,-173.3624512315885
7533.555637337173,-12.75861594776245,-174.0181277611412
7585.775750291837,-12.89532508673516,-174.6089841139688
7638.357835776906,-13.02819096420336,-175.1858507979032
7691.304402866095,-13.17179691561645,-175.8148537123083
7744.617978025186,-13.31467539527179,-176.4516095938089
7798.301105232586,-13.45486338074751,-177.0421221721731
7852.356346100716,-13.59774221480877,-177.6680233686907
7906.786279998249,-13.74441358865913,-178.2780987064334
7961.593504173185,-13.87125489105996,-178.8091597658149
8016.78063387679,-14.01643131828502,-179.3988712536948
8072.35030248838,-14.16549817980552,179.9168700829901
8128.30516164099,-14.30382999583134,179.4259029215533
8184.647881347897,-14.45097574467692,178.8575815445705
8241.381150130022,-14.5983666247941,178.2717226705529
8298.507675144223,-14.75082123779783,177.6756757036588
8356.030182312479,-14.88577783897595,177.1488703971714
8413.95141645195,-15.04039657685831,176.5522671965802
8472.274141405964,-15.18300550455705,175.9925781073279
8531.001140175893,-15.33588032229602,175.4144503627225
8590.135215053957,-15.47647091226992,174.9012646364457
8649.679187756932,-15.62446145833055,174.3395599145659
8709.635899560806,-15.78206108520606,173.8202532742445
8770.008211436347,-15.92343286380956,173.2898571992162
8830.799004185626,-16.07824798296316,172.7347509299719
8892.011178579483,-16.22776176940691,172.2133941587485
8953.647655495937,-16.36957503618951,171.6891006308174
9015.711376059569,-16.52466370141897,171.1277499773224
9078.205301781856,-16.68184686802696,170.6308254474619
9141.132414702503,-16.82254253704855,169.9422044280754
9204.495717531712,-16.97041668231451,169.4882148255313
9268.298233793492,-17.13676110759956,169.051587852439
9332.543007969911,-17.28345075777869,168.5792247808511
9397.233105646377,-17.43393605113248,167.9684020699969
9462.37161365793,-17.57882570831764,167.4053759902401
9527.961640236519,-17.75535360964075,167.0103848444306
9594.006315159331,-17.90778118105171,166.3660443005704
9660.508789898133,-18.05711409729565,165.943070243734
9727.472237769651,-18.20771085964509,165.4696712360341
9794.899854086989,-18.36090461837766,165.039151923933
9862.794856312104,-18.52701456014688,164.5358682226135
9931.160484209338,-18.69543831511642,164.0064342534598
10000,-18.83424662469353,163.5100641639223
