#Frequency (Hz),Channel 2 Magnitude (dB),Channel 2 Phase (deg)
10.00000000000001,0.00213126609835244,-0.161485295581258
10.06931668851806,0.002000308531316522,-0.1618217345212258
10.1391138573668,0.002042746909798598,-0.1630399798993381
10.20939483707681,0.002028609087159624,-0.1645245567738982
10.28016298126474,0.002081875093927673,-0.165264611907098
10.35142166679345,0.001916908523866909,-0.1662746309119143
10.42317429393305,0.001909342797487479,-0.1680042336684124
10.49542428652323,0.001953320593385386,-0.1691373190091099
10.5681750921366,0.001937499026618067,-0.1705193367862563
10.64143018224317,0.001959502830502733,-0.1710294639791599
10.71519305237607,0.002004434789375881,-0.1730617952962632
10.7894672222983,0.002132162504180985,-0.1736703362438163
10.86425623617067,0.002097063099923492,-0.1751838776592791
10.93956366272095,0.002230332848656814,-0.1762108089910832
11.01539309541416,0.00206778720412001,-0.177286605191
11.09174815262402,0.002127401861482805,-0.1791188625399798
11.16863247780562,0.002120923686191632,-0.1801190701069402
11.24604973966928,0.0021292533624224,-0.1807696503791547
11.32400363235558,0.002062742759164508,-0.1821566174048712
11.4024978756117,0.001993997318424077,-0.1838254696444608
11.48153621496884,0.002105570048131172,-0.1841285038704257
11.56112242192101,0.002012038374702767,-0.1862560968367291
11.64126029410492,0.001827237580460127,-0.1874488624220447
11.72195365548131,0.001862791410512591,-0.1883890808711577
11.80320635651731,0.001923207328689938,-0.1900288352128001
11.8850222743702,0.00218508219656076,-0.1912622688531371
11.96740531307244,0.002135605698134297,-0.1927839561306399
12.05035940371799,0.002021292662054414,-0.1944532261354686
12.13388850464979,0.001889973931877932,-0.1949174832721496
12.21799660164874,0.00216461625458891,-0.1967622064365457
12.30268770812382,0.002114328934939941,-0.1975510737471389
12.3879658653037,0.001933046030241734,-0.1990496146653413
12.47383514242945,0.001976351408371656,-0.2006074943174383
12.56029963694877,0.00194145535275312,-0.202057822144674
12.64736347471152,0.001775061089552979,-0.2032509807401581
12.73503081016663,0.001824938801209404,-0.2046033277265735
12.82330582656023,0.001813564320720599,-0.206183686002305
12.91219273613536,0.001955151700585127,-0.2080163435642355
13.00169578033291,0.001927375476982578,-0.209059447033539
13.09181922999408,0.001843382830746511,-0.2114606739339138
13.18256738556409,0.002007766109717828,-0.2124281192963665
13.27394457729741,0.001936306478961272,-0.2131762870784826
13.36595516546443,0.002041352069485243,-0.2148282333698717
13.4586035405595,0.001759482974208329,-0.2168188140376728
13.55189412351038,0.001673710658986493,-0.2179668506432577
13.64583136588927,0.001825547588255611,-0.2194811936504379
13.74041975012516,0.001982520485488184,-0.2214755505672343
13.83566378971783,0.002010580716126999,-0.2230096140526854
13.93156802945305,0.001882815069662236,-0.2243345218261936
14.0281370456196,0.001933276014244657,-0.2265181772626619
14.12537544622755,0.002093267955442807,-0.2275534415759353
14.22328787122821,0.001902162133337468,-0.2289333100682427
14.32187899273545,0.001862558550811667,-0.2304292809058168
14.42115351524871,0.002018522742080873,-0.2324560788225654
14.52111617587743,0.00199969706335016,-0.233262161718045
14.6217717445672,0.002090820619991321,-0.2356977734328396
14.72312502432721,0.002008446492238118,-0.2369464625920514
14.82518085145956,0.001869028852302636,-0.2386400439671092
14.92794409578998,0.001964918593596853,-0.2402570210628525
15.03141966090022,0.001715010899112082,-0.2427168054490778
15.1356124843621,0.002053528210960083,-0.2440672860794848
15.24052753797292,0.002006522015701402,-0.245031817454163
15.34616982799296,0.001864827414709466,-0.2474277771847824
15.45254439538414,0.001894162679409393,-0.2485159127159733
15.55965631605077,0.002036731536052175,-0.2505927702614947
15.6675107010815,0.002206097200186759,-0.2524263130179349
15.7761126969935,0.001862837544199791,-0.2541969045789543
15.88546748597779,0.001931582891159663,-0.2560058256240865
15.99558028614671,0.002051712602331559,-0.2570273966459524
16.10645635178271,0.002056732131488944,-0.2594817874756998
16.21810097358932,0.001970651145790613,-0.2608362128255237
16.33051947894334,0.001776335365550435,-0.2629301250047149
16.44371723214933,0.001818524632620541,-0.2649650323903998
16.55769963469529,0.00199994631140402,-0.2667871158446644
16.67247212551064,0.002034165791694659,-0.2685501364298375
16.78804018122561,0.00182155714721997,-0.2709320482989881
16.90440931643265,0.00200086448494708,-0.2719905731745484
17.02158508394952,0.001834533336786672,-0.273671953224973
17.13957307508427,0.00194336858864471,-0.2765821885664081
17.25837891990204,0.002024575439236195,-0.2779882288419202
17.37800828749376,0.001960519041099262,-0.2804519199966791
17.49846688624658,0.001828780095518398,-0.2819120323831328
17.61976046411631,0.002010350149989286,-0.2838750662887186
17.74189480890166,0.001786067417347253,-0.2863552994963072
17.86487574852051,0.001740398294762681,-0.2877967855342831
17.98870915128789,0.001819932848397542,-0.2899303287149309
18.11340092619604,0.001894111924483396,-0.2917210164553836
18.23895702319638,0.001801076941467744,-0.2935096797464638
18.36538343348347,0.00192921384871552,-0.2952134586868027
18.4926861897808,0.001799543178002119,-0.2983095638305873
18.62087136662869,0.001819708073895388,-0.3000287378303312
18.74994508067419,0.001772469883085664,-0.3026958332683607
18.87991349096295,0.001977951977147941,-0.3044844549196739
19.01078279923302,0.001798776703594648,-0.30614178616608
19.14255925021088,0.001855048209459734,-0.3077916980044506
19.27524913190937,0.001895213276106462,-0.3100106738494759
19.40885877592779,0.001622673367348381,-0.3122139719002632
19.54339455775396,0.00168951310475932,-0.3148685268163973
19.67886289706847,0.00170649147159725,-0.3166312360564234
19.81527025805099,0.00186171104244649,-0.3182960035107385
19.95262314968881,0.00160578046113936,-0.321210401462551
20.0909281260873,0.001751286901646714,-0.3228906193110674
20.23019178678274,0.00177559190098732,-0.3262328911444428
20.37042077705719,0.001882971935271721,-0.3275533736932061
20.51162178825567,0.001791714951679777,-0.3301283478384356
20.65380155810531,0.001925250282885095,-0.3323617638284588
20.79696687103698,0.001747942176341686,-0.3345737811025771
20.94112455850894,0.001855762875824791,-0.3378868793596155
21.08628149933291,0.001924085884352833,-0.3400461973674851
21.23244462000221,0.002043822347003289,-0.3411058668365285
21.37962089502235,0.001948309609423149,-0.3439527478055631
21.52781734724374,0.001999714808573432,-0.3459617205400605
21.67704104819696,0.001798360646540316,-0.3490476417409099
21.82729911843003,0.001743333511325104,-0.3512322286154017
21.97859872784828,0.00192030658578929,-0.3549932563668605
22.13094709605638,0.001909410990383785,-0.3565174129854256
22.28435149270305,0.001699015694650812,-0.3582832233525703
22.43881923782768,0.001792622618036188,-0.3613146195937986
22.59435770220981,0.002185128148381509,-0.3635784929910129
22.75097430772071,0.001827249786395478,-0.3666689268634116
22.90867652767774,0.001973176594820361,-0.3685203831235171
23.06747188720071,0.001989282763736256,-0.3715427294897324
23.2273679635711,0.001937538571796924,-0.3740135909963413
23.38837238659356,0.001860666210971649,-0.3760842711538857
23.55049283896011,0.001875483004767685,-0.3791739091756767
23.71373705661658,0.00171834016969974,-0.3816485436918953
23.87811282913181,0.002071727492097817,-0.3842600943836203
24.04362800006935,0.001830954429056389,-0.3868198481555538
24.2102904673618,0.001828314393162318,-0.3898321848779034
24.37810818368755,0.001852772697954239,-0.3923867151337106
24.54708915685034,0.001672193548977807,-0.3952090347550623
24.71724145016132,0.001736093731036432,-0.3981341821316278
24.88857318282393,0.001721390163870646,-0.4011205564008549
25.06109253032117,0.001827121469764319,-0.4034668808248938
25.23480772480578,0.001773950319446722,-0.4060579126437744
25.40972705549306,0.001806153455205242,-0.4092150778399883
25.58585886905648,0.001856895829215946,-0.411972767225194
25.76321157002578,0.001611878604321028,-0.41479632436846
25.94179362118818,0.001669095349763723,-0.4172489199147833
26.12161354399208,0.00171597242858281,-0.4210625851861352
26.30267991895384,0.001917869948694834,-0.4235927350992839
26.48500138606704,0.001777704096568608,-0.4261785086167436
26.66858664521483,0.002004879144112054,-0.4297674617951515
26.85344445658509,0.001969407246321759,-0.4324324724565827
27.03958364108846,0.001568303169524704,-0.4354264336902105
27.22701308077915,0.001840871388408109,-0.4382201759015452
27.41574171927887,0.001781119302323713,-0.4409653111062539
27.60577856220348,0.001867363428481096,-0.4442060038929441
27.79713267759291,0.001592174378669398,-0.4471525186053213
27.98981319634366,0.001815169483602991,-0.4505274118998273
28.18382931264458,0.001993017852704564,-0.4537556329298695
28.37919028441558,0.001889151220720232,-0.4565448245446819
28.57590543374949,0.001581753463051839,-0.4604704905095502
28.77398414735673,0.001755880647794911,-0.4634409804716455
28.97343587701327,0.002152088316432374,-0.4665230127605895
29.17427014001169,0.001993270054076779,-0.469436357555935
29.37649651961533,0.001976612969088743,-0.4725499220269995
29.58012466551549,0.001962100740338843,-0.4756355781258357
29.78516429429194,0.00194583571455962,-0.4796369317262617
29.99162518987653,0.002157740570687723,-0.482942663989931
30.19951720402019,0.002260316013081723,-0.485618624254613
30.40885025676283,0.0022055275426725,-0.489722910750487
30.61963433690682,0.002097809650261833,-0.4927302825890081
30.83187950249356,0.002305165794030256,-0.4960305057746268
31.04559588128359,0.002127676535572758,-0.4998905352859477
31.26079367123959,0.002106819514922507,-0.5034634651880197
31.47748314101321,0.001931004698828105,-0.5060105454981283
31.69567463043494,0.001833699918178157,-0.5104076313569976
31.91537855100765,0.001863907658348899,-0.5137515915564279
32.13660538640321,0.001834128204808375,-0.5176540452923462
32.35936569296288,0.002195203438069358,-0.5207463950066824
32.5836701002009,0.001994745071082024,-0.5244100554746183
32.80952931131191,0.002076478220511656,-0.5280555292971769
33.03695410368152,0.001927728954022034,-0.5318109080026829
33.26595532940047,0.001909161920362834,-0.5348525383417524
33.49654391578279,0.001793001624552231,-0.5388766338839392
33.72873086588689,0.001890988919903376,-0.5436204217738521
33.96252725904089,0.001836814542569938,-0.5473638120669762
34.19794425137091,0.001715926645670748,-0.5512615688754181
34.43499307633387,0.001887059387283471,-0.5544421230884211
34.67368504525317,0.001961169404435596,-0.5578651416922469
34.91403154785866,0.002025851208501496,-0.5619570732961865
35.15604405282983,0.001940928411294681,-0.5655924128328707
35.3997341083435,0.002197869140823473,-0.5698676530257245
35.64511334262443,0.002013877438384644,-0.5741757759485324
35.89219346450057,0.001996157688833944,-0.577893279942316
36.14098626396135,0.001961044132798632,-0.580985756641013
36.39150361272075,0.002154036464942579,-0.5856814888438464
36.64375746478333,0.001887625933496869,-0.5901549192424227
36.89775985701508,0.001907450761089316,-0.5944066817472446
37.15352290971728,0.001936994318154671,-0.5985416766894076
37.41105882720537,0.00196898724237671,-0.6025912123006556
37.67037989839089,0.001724472773692544,-0.6067533654945603
37.93149849736825,0.002007983706147491,-0.6105551477131357
38.19442708400468,0.001774389938090494,-0.6150716742357609
38.45917820453539,0.001729000874599569,-0.6191647628586665
38.72576449216173,0.001838761385465326,-0.6236432506476532
38.99419866765439,0.001742958340957512,-0.6277125552666689
39.26449353996001,0.001834909051330239,-0.6322418968515535
39.53666200681283,0.001665424539491797,-0.6365445065603694
39.81071705534973,0.001717162433198417,-0.6415149523283361
40.08667176273034,0.001685115593151881,-0.6446110448269451
40.36453929676053,0.002007641404362217,-0.6499296516196011
40.64433291652131,0.001984638707498217,-0.653923493049561
40.9260659730011,0.001890111131502393,-0.6587432667162929
41.20975190973304,0.001742647192909684,-0.6636055271416943
41.49540426343633,0.001953756638375593,-0.6675154903544396
41.78303666466222,0.00201125063765524,-0.6731531148304475
42.07266283844442,0.002103063623268801,-0.6774889001778064
42.36429660495413,0.002066481747127312,-0.6808951419406384
42.6579518801593,0.002086226427137686,-0.6860404012898016
42.95364267648878,0.002044543296916197,-0.6912316870083259
43.25138310350088,0.002166151330137474,-0.6971739335820768
43.55118736855688,0.001898476597510081,-0.7001283839062538
43.8530697774986,0.001971117045762397,-0.706479092776604
44.1570447353313,0.002046991145576226,-0.7095664569772708
44.46312674691089,0.001563833041627762,-0.7149432037382866
44.77133041763628,0.001726342969931634,-0.7205792584281312
45.08167045414605,0.001881166567588005,-0.7249018681163761
45.39416166502037,0.001672229232900557,-0.7285873138314969
45.70881896148752,0.0021424559769417,-0.7360332523874149
46.02565735813563,0.001583046038252133,-0.741161118673368
46.34469197362884,0.002197058051320352,-0.7464230586166138
46.66593803142892,0.001873678250880497,-0.7490766474062411
46.98941086052156,0.001819274392239143,-0.7549591744408843
47.31512589614807,0.001570559177804327,-0.7617481884425956
47.64309868054161,0.001625517822555578,-0.7659357937345419
47.97334486366897,0.0021821792041277,-0.7698359968465951
48.30588020397728,0.002133626277048768,-0.779255321016592
48.6407205691462,0.001653972651454441,-0.7816207978017369
48.97788193684466,0.002101916536103899,-0.7902436926153484
49.31738039549364,0.002189470970967717,-0.7919612546408814
49.65923214503363,0.001532789747513198,-0.7974058499538899
50.00345349769788,0.001433100663111545,-0.8039484257705709
50.35006087879053,0.001636490084790203,-0.8088560057173311
50.6990708274705,0.001928888014075013,-0.8142861366901712
51.05049999754065,0.001887553192962925,-0.822736779589178
51.40436515824264,0.001557200361099395,-0.8275853977920136
51.76068319505681,0.002151883059006708,-0.8330387924724505
52.11947111050811,0.00169779877277417,-0.8363360718364277
52.48074602497728,0.001638334847648135,-0.8463572830067108
52.84452517751808,0.001961530115947617,-0.8524112777465405
53.21082592667948,0.001930500944711972,-0.8582846729653397
53.57966575133423,0.001758816000129736,-0.8641698123820163
53.95106225151279,0.001408416294311135,-0.8687153931202403
54.32503314924336,0.001789617286724536,-0.8723816438461398
54.70159628939721,0.002103322490976582,-0.8816501881160832
55.08076964054041,0.00181418686835153,-0.884091158340425
55.4625712957911,0.001864192701405348,-0.8943072639419825
55.84701947368313,0.00202892225764613,-0.8982472721270938
56.23413251903497,0.002152913803297006,-0.9039779297211652
56.62392890382534,0.002279699616919607,-0.9101528607540104
57.01642722807478,0.002297663260726696,-0.9172099729140246
57.4116462207328,0.002283688146279655,-0.9243829133942825
57.80960474057186,0.001975211925063398,-0.9313184397145164
58.21032177708716,0.002028472827931244,-0.9351235779835889
58.6138164514029,0.001925376573659158,-0.9447814591765962
59.02010801718448,0.001912282593645545,-0.9489229481108055
59.42921586155732,0.00171332076215775,-0.9563584147962558
59.84115950603199,0.001973858338376589,-0.9635933648658224
60.25595860743581,0.002284007543336441,-0.9709521187631935
60.67363295885059,0.002095728036878381,-0.9767091928015219
61.09420249055727,0.001955473471633479,-0.9833777958955636
61.51768727098683,0.002014660433137468,-0.9894528743133506
61.94410750767818,0.001801864548410544,-0.996416944564217
62.37348354824198,0.001897522154347134,-1.004231766726043
62.80583588133187,0.001784954869577316,-1.010212590942121
63.24118513762197,0.001940552506655814,-1.017919552740096
63.67955209079162,0.001702961321501232,-1.025457812877494
64.12095765851622,0.001669862527033907,-1.031527925184207
64.56542290346563,0.001968018759436679,-1.039584083961202
65.01296903430909,0.001666791572731849,-1.046424623036501
65.46361740672754,0.001802717744202166,-1.053391411407238
65.9173895244322,0.001617608760283266,-1.060803719781092
66.37430704019096,0.00164841416025042,-1.068482683257848
66.83439175686149,0.001431647514878731,-1.07541112751997
67.29766562843182,0.001811524590010061,-1.082985670011972
67.76415076106757,0.001599008992724694,-1.090138148655313
68.23386941416705,0.001780204462638016,-1.097645362186775
68.70684400142325,0.001480325753385578,-1.105456473872778
69.1830970918937,0.001740631007582423,-1.114428110508371
69.66265141107694,0.001908034760320582,-1.120531836857367
70.14552984199722,0.001335447677899487,-1.128622803210433
70.63175542629624,0.001703512010551102,-1.136595890201136
71.12135136533296,0.001519637489914914,-1.144600232809442
71.6143410212902,0.00167278955960689,-1.152681806671552
72.11074791829004,0.001638846174328309,-1.16058353066591
72.6105957435155,0.001620657169564023,-1.168602741807433
73.11390834834179,0.001659862888629614,-1.176774162695231
73.6207097494736,0.001577886447431151,-1.185557709736486
74.13102413009184,0.001767938194382388,-1.192864004558686
74.64487584100668,0.001526441734582464,-1.200802647668979
75.1622894018206,0.001811738022375314,-1.209349068681519
75.68328950209744,0.001614731692772143,-1.218108897346973
76.20790100254131,0.001788285142175883,-1.226015639416204
76.73614893618193,0.0015129093561209,-1.235247135838975
77.2680585095703,0.001629707759174563,-1.243128931975761
77.8036551039804,0.001581647645948516,-1.251249751146304
78.34296427662129,0.001519628041278541,-1.260732961858992
78.88601176185549,0.001182223625742758,-1.26934851380544
79.43282347242821,0.001719230822663203,-1.278312342344975
79.98342550070285,0.001358768369263502,-1.287025850730089
80.53784411990678,0.001393591590255855,-1.295114934466682
81.09610578538413,0.001575739517340694,-1.305353677577386
81.65823713585931,0.001628130606285201,-1.314295636917585
82.22426499470713,0.001753520208495439,-1.322728228348836
82.79421637123353,0.001451906196586549,-1.331997838453191
83.36811846196349,0.001556947640446343,-1.341070153608278
83.94599865193982,0.001456316257792946,-1.350382032647659
84.527884516029,0.001524678645153929,-1.35985187921342
85.11380382023776,0.001450784784286803,-1.369304741278711
85.70378452303702,0.001333103097670238,-1.378732964538813
86.29785477669711,0.001567166262256665,-1.388674001808226
86.89604292863018,0.001460229195670692,-1.398198662044273
87.49837752274372,0.00140074457872449,-1.408699101063497
88.10488730080148,0.001603303954641777,-1.41696586691782
88.71560120379617,0.001366470466941424,-1.428850198441992
89.33054837332953,0.001419224771239335,-1.437404025175368
89.94975815300364,0.001723952122435952,-1.446713636594808
90.57326008982007,0.001795810431635595,-1.457158012278732
91.20108393559106,0.001550794985027101,-1.468362546150871
91.83325964835811,0.001382693996131531,-1.477553730529436
92.4698173938224,0.001628128103514567,-1.486788001280672
93.1107875467831,0.001485583695078524,-1.498428296931451
93.75620069258812,0.001505228952167483,-1.509693766829173
94.40608762859236,0.001578470465327136,-1.518403724284802
95.0604793656283,0.001740030628580668,-1.529411375752844
95.71940712948451,0.001532000383674878,-1.5413099378483
96.38290236239715,0.001395934032783258,-1.552085125904654
97.05099672454899,0.001391521341921345,-1.560424375994231
97.72372209558122,0.001641612375709227,-1.573362376211534
98.40111057611345,0.001653236665344009,-1.581711961479186
99.08319448927685,0.001263641018750425,-1.593796240793125
99.77000638225536,0.001175659909422635,-1.605030674306121
100.4615790278396,0.001164279411361046,-1.616887968986532
101.1579454259899,0.00114760132319222,-1.626634945007986
101.8591388054118,0.001596310884902849,-1.637384187525207
102.5651926251408,0.00147018914567778,-1.651006023457825
103.2761405761399,0.001433252512363077,-1.659949699215787
103.992016582906,0.001107650732418588,-1.673442919809048
104.7128548050901,0.001452794454416579,-1.685226228480353
105.4386896391259,0.001649210417024092,-1.696775727106413
106.1695557198726,0.001511579658335055,-1.708219996658045
106.9054879222658,0.001184324533157464,-1.721077726517223
107.6465213629836,0.001184607747960292,-1.732412218050506
108.3926914021204,0.001389226431628711,-1.742467856606012
109.1440336448757,0.001413522830308286,-1.756892149758109
109.9005839432521,0.001449413134805973,-1.766537311590692
110.6623783977667,0.001031651720674497,-1.781197181152521
111.429453359173,0.001305602880986598,-1.79353152351996
112.2018454301964,0.001457183197211907,-1.806222329323077
112.9795914672798,0.001245004803136081,-1.818312017305487
113.7627285823431,0.001148332160122163,-1.830575474691685
114.5512941445536,0.001406250443171917,-1.842121630084904
115.3453257821093,0.001361875571211659,-1.856514024300033
116.1448613840343,0.001435730817573237,-1.86782941021383
116.9499391019872,0.001308084148460601,-1.882193691348832
117.7605973520808,0.0014915951612225,-1.894366710503691
118.5768748167161,0.001403990969101684,-1.907289278746241
119.3988104464274,0.001424782703282132,-1.921029104990737
120.2264434617414,0.001468364956593526,-1.934181063709616
121.0598133550483,0.001553238271975491,-1.947591249058775
121.8989598924867,0.001433117531169732,-1.960046863650057
122.7439231158408,0.001321775115108706,-1.974883392400031
123.5947433444511,0.001012085714107307,-1.988535309699245
124.4514611771386,0.00129943977340419,-2.001960684558668
125.3141174941417,0.001163290899617699,-2.015902614450511
126.1827534590671,0.001142244541886275,-2.029624335118868
127.0574105208543,0.001136445215595848,-2.043723112281365
127.9381304157525,0.001163304077435744,-2.058079270331518
128.8249551693135,0.001322787615038739,-2.071891274027195
129.7179270983956,0.001290393810536273,-2.086779367024107
130.6170888131842,0.001136706598746261,-2.10067407612496
131.5224832192239,0.0008960648597291686,-2.115647604627654
132.4341535194666,0.001349237901413209,-2.129763195552613
133.3521432163325,0.001140755452506874,-2.145247310957444
134.2764961137865,0.001365818733111435,-2.160774993992995
135.2072563194278,0.001051743735621097,-2.174106975494922
136.1444682465951,0.001415045126215379,-2.190553852390153
137.0881766164854,0.001274226446042139,-2.204852795140638
138.0384264602886,0.001403124706276307,-2.221013613382105
138.9952631213354,0.001637072120642747,-2.236039913174622
139.9587322572619,0.001200406405072966,-2.251388579167411
140.9288798421875,0.001147491368388526,-2.266707291086618
141.9057521689093,0.00131028583678676,-2.282010716526116
142.8893958511104,0.001284494403413683,-2.29839189017494
143.8798578255847,0.001225264692456597,-2.314001308761803
144.8771853544762,0.001086280693718216,-2.330214336617949
145.881426027535,0.001113303368895526,-2.346796938331465
146.8926277643868,0.001215789187300259,-2.362491052784065
147.9108388168209,0.001236110290712526,-2.379231805325219
148.9361077710916,0.001139516344722209,-2.395558588173358
149.9684835502375,0.001076054728242178,-2.412356479239435
151.0080154164149,0.0009135257240471914,-2.429258297322491
152.0547529732497,0.0009587591176786581,-2.445757460401495
153.1087461682031,0.001138042048607207,-2.462287444521223
154.1700452949561,0.001207245016837367,-2.47988813065475
155.2387009958083,0.001106123328310185,-2.496815456923343
156.3147642640955,0.001092630657703165,-2.513910702061395
157.3982864466221,0.001071396589320064,-2.531393494182169
158.4893192461115,0.001400786319982998,-2.54953016208551
159.5879147236734,0.001210366020642672,-2.56632144869544
160.6941253012879,0.001117782680912445,-2.584177223508533
161.8080037643067,0.0009467651440111326,-2.60291475225128
162.9296032639724,0.001221017011985254,-2.620040140683585
164.058977319954,0.001108713341690952,-2.639094530621236
165.1961798229017,0.001083162138033459,-2.657041118720983
166.3412650370171,0.0009990036620612366,-2.675377367260467
167.4942876026437,0.001044622736056489,-2.693800669561284
168.6553025388743,0.001204347623275299,-2.713067700771543
169.8243652461744,0.0009911271771112112,-2.731403363315735
171.0015315090289,0.0008631141202133126,-2.749610679595868
172.1868574986007,0.0009097631089286585,-2.769708032030707
173.3803997754139,0.0009468893996644064,-2.788565590569931
174.5822152920504,0.001086282681816366,-2.807983947731373
175.7923613958694,0.0009620826510317096,-2.827115905276198
177.0108958317421,0.001047590412396248,-2.846453230723071
178.2378767448091,0.0009603628226714704,-2.866701837482339
179.4733626832527,0.001209854141322238,-2.886696692514636
180.7174126010928,0.0007777836781035247,-2.906616331466651
181.9700858609984,0.0009893180305105356,-2.926690103765949
183.2314422371213,0.0009671917452194036,-2.947341095568163
184.5015419179473,0.0009639622812540595,-2.967030962472364
185.78044550917,0.0008536945231001791,-2.987115238904593
187.0682140365801,0.0005629494634267752,-3.009753016601668
188.3649089489802,0.001006123668852143,-3.029283077243988
189.6705921211147,0.001077441356410068,-3.050033132555043
190.985325856624,0.0009496598661483509,-3.071088096492474
192.3091728910159,0.0009406280353014527,-3.092903765178345
193.6421963946609,0.0009011765440639745,-3.114488104326639
194.9844599758046,0.0005574203815645127,-3.13490335412834
196.3360276836048,0.0007580998782329619,-3.1584507655705
197.6969640111861,0.0007521315412369041,-3.179634282847744
199.0673338987188,0.0007484240815419977,-3.201244306404732
200.4472027365161,0.0005272110269626751,-3.223755869932049
201.8366363681563,0.0003797935096921971,-3.245730372338272
203.2357010936222,0.0008942730367849784,-3.268423967895961
204.6444636724676,0.0006037629345442107,-3.291998992475158
206.062991327,0.0007699128171958347,-3.314569803589627
207.4913517454912,0.0004898290764549529,-3.336776299930637
208.929613085404,0.0004775398742258142,-3.360621795819057
210.3778439766477,0.0005840255938246117,-3.383887133038996
211.8361135248502,0.0007096586959326474,-3.407368871616882
213.3044913146578,0.0007341112288480416,-3.429637828884282
214.7830474130534,0.0006510052739037822,-3.45347739340697
216.2718523727023,0.0007919909956236124,-3.479574175005425
217.7709772353159,0.0007465979807572689,-3.502252923732343
219.2804935350451,0.000510680457638444,-3.526491351563713
220.80047330189,0.000702615915681884,-3.551330510059088
222.3309890651406,0.0007161666315308181,-3.575872399573942
223.872113856834,0.0007531477770362295,-3.59968529319309
225.4239212152432,0.0005339502447713821,-3.62524914520624
226.9864851883822,0.0005712886290669351,-3.651138142653195
228.5598803375432,0.0005345858922295403,-3.675866952512933
230.1441817408509,0.0004584544106573829,-3.70139321227289
231.7394649968481,0.0003109730136776552,-3.727188211246105
233.3458062281003,0.0004531653336104871,-3.753368360845961
234.963282084831,0.0004271485393271393,-3.7792965528959
236.5919697485759,0.0004616255014383717,-3.805293751643518
238.2319469358693,0.0003966255144104663,-3.831022235459187
239.8832919019491,0.0003405173956497595,-3.856885818950047
241.5460834444943,0.0003602608535438364,-3.8849814364218
243.2204009073816,0.0002829076174928688,-3.911924656324317
244.9063241844748,0.0002422126001565146,-3.938946242833794
246.603933723434,0.0002136098170398881,-3.966316249480428
248.3133105295573,0.0003234366889792012,-3.993785824057824
250.0345361696432,0.0002468737541037309,-4.021455206363806
251.7676927758858,0.0001616825843570736,-4.049769616712354
253.5128630497908,0.0002777744642861835,-4.07717492758033
255.2701302661249,-0.0002064417875969937,-4.105578091902032
257.0395782768865,0.0001854561105191338,-4.133903828096535
258.8212915153093,0.000165856476159744,-4.162113951271248
260.6153549998896,0.000207429615955423,-4.191585995686978
262.4218543384443,0.0002289993508283279,-4.220929788728682
264.2408757321948,0.0001563948298845307,-4.249271417021049
266.0725059798811,0.0001864840564147274,-4.279475057747511
267.9168324819033,0.000219019983398855,-4.309190555118064
269.7739432444922,0.0001588679183111781,-4.338592073696532
271.6439268839084,0.0002327875979413634,-4.368585891138551
273.5268726306714,0.0003867548094415332,-4.399519692129687
275.4228703338167,0.000104168101036305,-4.429343783948514
277.3320104651842,-0.0001566697278084711,-4.459620960602488
279.2543841237339,-0.0001798469822708829,-4.49095480715107
281.1900830398943,2.416081630674083e-05,-4.522846500756184
283.139199579938,-0.000143767521133932,-4.554562514335089
285.1018267503911,-0.0001094058939446887,-4.586295783712721
287.0780582024692,-3.368558065513475e-05,-4.617453506149666
289.0679882365478,0.0001276861192972565,-4.65020760908503
291.0717118066607,-0.000117773044292547,-4.682449478776302
293.0893245250323,1.172003309820924e-05,-4.71409474923847
295.1209226666387,-0.000128041088118469,-4.747998230433495
297.1666031738029,-8.030841412051719e-05,-4.779150266350229
299.226463660819,-0.000229712733352858,-4.812213571910178
301.3006024186123,-0.0001116411345827442,-4.846286623995461
303.3891184194272,-0.0001831933998365565,-4.879781387400101
305.4921113215515,-0.0002609108249247027,-4.913998841261602
307.609681474071,-0.0002805327462410576,-4.94808084692815
309.7419299216583,-0.0002102672865087514,-4.982777618143871
311.8889584093939,-0.0001062862263611788,-5.016967172909091
314.050869387622,-0.000123153704842622,-5.051349269491197
316.2277660168381,-0.0001564480453874014,-5.085586996474257
318.4197521726125,-9.08662404658218e-05,-5.12205422229178
320.6269324505467,-0.0001334091678591393,-5.158342931797449
322.8494121712636,0.0001197521292867301,-5.193128611852444
325.0872973854346,-0.0005347802378505774,-5.229324998962412
327.3406948788383,-0.0005834284753622532,-5.265493407532816
329.6097121774579,-0.0002086208943256486,-5.301509471387904
331.8944575526104,-0.0001111918242397629,-5.338552657144728
334.1950400261144,-0.0002934560854183056,-5.376774298171981
336.5115693754908,-0.000140982517600505,-5.413092794716253
338.8441561392028,-0.0003088395477195902,-5.45085108219634
341.1929116219287,-0.0004052660559065578,-5.488896110380054
343.5579478998748,-0.0005940168914428766,-5.526374837898288
345.939377826122,-0.0005143878990203059,-5.565172328617649
348.337315036012,-0.0005262911170672532,-5.60418901147213
350.7518739525681,-0.0006196388670253613,-5.642997345073141
353.1831697919572,-0.0008424259346682414,-5.681712955474019
355.6313185689854,-0.0007768718175860843,-5.72085811295868
358.0964371026362,-0.000817385107937866,-5.761369748050015
360.5786430216426,-0.000646438602186428,-5.800536265419765
363.0780547701016,-0.0008149869380417358,-5.841480657322794
365.594791613125,-0.000790300574788754,-5.881621736385824
368.1289736425317,-0.001043403482553125,-5.92263671284951
370.6807217825762,-0.0008289071061721328,-5.963511482355798
373.2501577957208,-0.000822137068205348,-6.005529014535071
375.8374042884443,-0.0006507567397301204,-6.04705477106954
378.4425847170936,-0.0009993021061015226,-6.089634659614859
381.0658233937732,-0.0006198249067005972,-6.130107259874706
383.707245492279,-0.0007919765697595208,-6.173682922710583
386.3669770540693,-0.0005269798301043017,-6.217462735541176
389.0451449942809,-0.000804911538671509,-6.260642293298758
391.7418771077832,-0.001016664847438843,-6.302702529968897
394.4573020752787,-0.001009794423699698,-6.348547197819503
397.1915494694405,-0.0007533207515227752,-6.391957408147491
399.9447497610978,-0.0006792635380678733,-6.435202809595197
402.7170343254593,-0.0008300473503705867,-6.480171844366041
405.5085354483842,-0.00107670690232627,-6.525937469308417
408.3193863326923,-0.001438204890606822,-6.570809234235469
411.1497211045225,-0.001138888475371704,-6.616077782138333
413.9996748197306,-0.0009484629866645339,-6.661189790039828
416.8693834703357,-0.001073079414660964,-6.707381770123305
419.7589839910078,-0.001227760072610825,-6.75546329576844
422.6686142656033,-0.001350524458527761,-6.802096841922804
425.5984131337433,-0.001770486891366465,-6.85015800090045
428.5485203974399,-0.001378382325489817,-6.898213980876811
431.5190768277654,-0.00144582006099656,-6.944624231962841
434.5102241715719,-0.00147380535478648,-6.992896086876087
437.5221051582523,-0.001443834841770116,-7.042299271453601
440.5548635065537,-0.001789518605166329,-7.092364104216973
443.6086439314328,-0.001348929621051311,-7.140328343835421
446.6835921509635,-0.001527092535271686,-7.191648304507261
449.7798548932882,-0.001669217613714454,-7.24067719751018
452.8975799036211,-0.001624091149365137,-7.290970406226421
456.0369159512964,-0.001624492071864328,-7.340382107864141
459.1980128368689,-0.001542829628176053,-7.39269789564564
462.3810213992606,-0.001807527087280636,-7.443260476624296
465.5860935229593,-0.001659684825162057,-7.495428191824288
468.8133821452655,-0.001904261949093995,-7.548258981075961
472.0630412635909,-0.001942794537290857,-7.599890969776538
475.3352259428056,-0.00178820119938641,-7.652871596977121
478.6300923226388,-0.001842356482483564,-7.706412258865292
481.9477976251276,-0.001916048332488001,-7.761152611086061
485.2885001621215,-0.001970466183222783,-7.81493436017908
488.6523593428337,-0.002131588563530675,-7.869188177580298
492.0395356814509,-0.00199513707891672,-7.923593686481425
495.4501908047903,-0.001928835062291008,-7.978261188143073
498.8844874600122,-0.002191657800401463,-8.033590635536775
502.3425895223871,-0.002052567214543346,-8.089878929174475
505.824662003114,-0.002329759734271233,-8.146380085761692
509.3308710571955,-0.002184597930448294,-8.202420163182978
512.8613839913648,-0.00261090145197292,-8.261663164362233
516.4163692720711,-0.00269997477188493,-8.318199374423671
519.9959965335159,-0.002399558830644085,-8.37610543099175
523.6004365857503,-0.002584160145820241,-8.43312741415194
527.2298614228226,-0.002810934307899591,-8.494082145272159
530.8844442309885,-0.002928362280129969,-8.552145291207136
534.5643593969717,-0.002796057164348528,-8.612718115549995
538.2697825162884,-0.003092892849721577,-8.67241276318374
542.0008904016239,-0.002680713817255399,-8.731816761774652
545.757861091271,-0.003054648887099729,-8.793249660900251
549.5408738576245,-0.003117586143354909,-8.85523802459295
553.3501092157368,-0.003015507755901386,-8.915500466072189
557.1857489319299,-0.003374961166213483,-8.979322733828297
561.0479760324706,-0.003195287024720399,-9.042769159911046
564.9369748123025,-0.003331037081920042,-9.103655257216083
568.8529308438416,-0.003242516257945609,-9.167047567871128
572.7960309858292,-0.003179796699522304,-9.231355655617833
576.7664633922509,-0.003279861731530906,-9.296219210487472
580.7644175213121,-0.003638248211371112,-9.361713921757019
584.7900841444809,-0.003617300805093982,-9.426336124874645
588.843655355589,-0.003858566841166469,-9.492471131521185
592.9253245800001,-0.003830666899864811,-9.557660880331696
597.035286583837,-0.003857454444718136,-9.624602145514494
601.1737374832783,-0.003844661585393617,-9.692373963138159
605.3408747539136,-0.003979175633781198,-9.760304905556248
609.5368972401693,-0.003996071123331012,-9.8281528657499
613.7620051647942,-0.004238177082180885,-9.896705580930444
618.0164001384161,-0.004090862265832211,-9.966964341753002
622.3002851691596,-0.004497868065345779,-10.0353574779875
626.6138646723356,-0.004203933304414252,-10.10667372832683
630.9573444801933,-0.004280709795169873,-10.17662764491658
635.3309318517439,-0.004563669215208902,-10.24775568599685
639.7348354826482,-0.004486681742382053,-10.3181025223567
644.1692655151775,-0.004611449097276329,-10.39185219252181
648.6344335482385,-0.004813500778840701,-10.46426084014792
653.1305526474727,-0.00453757156895565,-10.53626324334257
657.6578373554205,-0.004757558667646889,-10.6111859528024
662.2165037017621,-0.004733918746243946,-10.68499726568064
666.8067692136221,-0.004984922891539983,-10.76063554200262
671.4288529259527,-0.005269811449484293,-10.83425689967351
676.0829753919818,-0.005248240898946857,-10.91151681729762
680.7693586937418,-0.00511537071129454,-10.98753133693605
685.4882264526617,-0.005177739589302612,-11.06507071604452
690.2398038402423,-0.005453790932823161,-11.14243391516793
695.024317588797,-0.005629581203948807,-11.2204849984536
699.8419960022737,-0.005588436011274771,-11.29889592849227
704.6930689671472,-0.005692573854254846,-11.37772988897726
709.5777679633891,-0.00563996507897688,-11.45847261007759
714.4963260755134,-0.006026208785814325,-11.53848421727613
719.4489780036998,-0.006109941324991506,-11.6175300289641
724.4359600749902,-0.006082472234664774,-11.70167974371185
729.457510254569,-0.006329000445961659,-11.78241478840227
734.5138681571151,-0.006294787475026787,-11.86445897404636
739.6052750582381,-0.006469262353683837,-11.94906418190048
744.7319739059892,-0.006724306369654957,-12.0315709836007
749.8942093324562,-0.006448434505235213,-12.11547030097674
755.0922276654342,-0.006672293241078787,-12.20032594022551
760.3262769401822,-0.006727957864078451,-12.28728324537914
765.5966069112566,-0.006790147932192623,-12.37220554881905
770.9034690644305,-0.006524820749994217,-12.45974513435741
776.2471166286919,-0.007216196480027495,-12.54857931842386
781.62780458833,-0.007329371837266563,-12.63551094085301
787.0457896950988,-0.007142188982594207,-12.72452652885417
792.5013304804722,-0.007571470492291836,-12.81305915935587
797.9946872679769,-0.007842123861978396,-12.9043064014198
803.5261221856177,-0.008078919760293643,-12.99576379808374
809.0958991783825,-0.007861088542392126,-13.08532022181713
814.7042840208401,-0.007967734678456542,-13.18186458808903
820.3515443298186,-0.008124717775314882,-13.26892303198805
826.0379495771791,-0.008609615531513768,-13.36408012835176
831.7637711026713,-0.008723713377916286,-13.45786126677537
837.529282126883,-0.009240564752544993,-13.55425156877348
843.3347577642757,-0.008599556266196353,-13.64660070274321
849.1804750363144,-0.009575108887393442,-13.74422599086108
855.0667128846836,-0.009237114623651638,-13.83953055165899
860.9937521846011,-0.009505739399234632,-13.93826989417113
866.961875758217,-0.009410684105035153,-14.03666000816345
872.9713683881121,-0.01000454055718014,-14.13612854931392
879.0225168308846,-0.01006185878274566,-14.2374384201643
885.1156098308361,-0.01059574784143229,-14.33783306272502
891.2509381337459,-0.01047665543323902,-14.43668717624115
897.4287945007491,-0.01011072921391041,-14.53629488198962
903.6494737223018,-0.01063595096019225,-14.6401655067842
909.9132726322522,-0.01043414965100562,-14.74660720756292
916.2204901220001,-0.01153366624718971,-14.84888508719078
922.5714271547639,-0.01165191703241227,-14.95428078890673
928.9663867799368,-0.01141488835790973,-15.05970000581762
935.4056741475526,-0.01197764381655447,-15.16358442694712
941.8895965228418,-0.0118780896953224,-15.27328369465035
948.4184633008978,-0.01274064196032565,-15.37997611604843
954.9925860214364,-0.01304543689818141,-15.48926215752762
961.6122783836653,-0.01308910800025146,-15.60131521224794
968.2778562612496,-0.01311794181727626,-15.70904081156095
974.9896377173876,-0.01378514614212735,-15.8218259678865
981.7479430199849,-0.01379221873675549,-15.93216477588874
988.5530946569396,-0.0140869497340496,-16.04742124571108
995.4054173515274,-0.01400264889503488,-16.15981235681556
1002.3052380779,-0.01391780225708165,-16.27624322832761
1009.252886076685,-0.01465725187797344,-16.39131999640706
1016.248692870696,-0.01574272437648156,-16.50833839634062
1023.292992280755,-0.0154726453058164,-16.62531766095057
1030.386120441617,-0.01563988102875776,-16.74203921753776
1037.528415818013,-0.01624007749762852,-16.85688552501864
1044.720219220801,-0.01644872453852962,-16.98047751087991
1051.961873823223,-0.01677246193380149,-17.0975725680662
1059.253725177289,-0.01737717863816074,-17.22130150063249
1066.596121230258,-0.01761397409776622,-17.34480203106116
1073.989412341245,-0.01772742703389971,-17.46757657566385
1081.433951297939,-0.01837118763908357,-17.59180261576714
1088.930093333434,-0.01831835722872241,-17.71679483019722
1096.478196143186,-0.01963013331530603,-17.84163383011796
1104.078619902074,-0.0197801918636327,-17.97033507835316
1111.731727281592,-0.02003479800042805,-18.09822337936535
1119.437883467152,-0.01995095165777064,-18.23025319292753
1127.197456175511,-0.02034133138623818,-18.35595057307256
1135.010815672316,-0.02075015369055862,-18.48552559985849
1142.878334789772,-0.0204997277865366,-18.61898506332272
1150.800388944436,-0.0215821217024415,-18.75133582383023
1158.777356155126,-0.02180347887538662,-18.88451617723654
1166.809617060962,-0.02261641314470222,-19.0217823899564
1174.897554939529,-0.02300958169949878,-19.15911752305072
1183.041555725165,-0.0238576774158489,-19.29281035186807
1191.242008027375,-0.02413422805200204,-19.43453276282777
1199.499303149379,-0.02445733696547761,-19.56936120993372
1207.81383510678,-0.02518331203775457,-19.71286630816402
1216.186000646368,-0.02529605407065176,-19.85196246749527
1224.616199265049,-0.02567018605044902,-19.99274624156854
1233.104833228909,-0.02715817746639685,-20.13498837418295
1241.652307592411,-0.02734263983635076,-20.27881681466937
1250.25903021772,-0.02717847188664885,-20.42418093261137
1258.925411794167,-0.02875412936613724,-20.57696984842036
1267.651865857846,-0.02981236332790614,-20.71940105512911
1276.438808811344,-0.02923734109656414,-20.87082188483567
1285.286659943615,-0.03008047047939817,-21.018850275109
1294.195841449986,-0.03144276957599557,-21.17017330870215
1303.166778452299,-0.0314520803107706,-21.32451289247643
1312.199899019203,-0.03300443681044982,-21.47809763867224
1321.295634186575,-0.03301245866358297,-21.63414264313607
1330.454417978091,-0.03406072523058976,-21.78026266699476
1339.676687425935,-0.03465920949981868,-21.94217794087177
1348.962882591654,-0.03551062086934716,-22.09841306867705
1358.313446587154,-0.03628516137437079,-22.26223047708864
1367.728825595849,-0.03613366541922836,-22.42412708954735
1377.209468893946,-0.03719535820411057,-22.5821162488145
1386.755828871889,-0.03834075476501025,-22.74953292666718
1396.368361055938,-0.03842633354901308,-22.9064887851222
1406.047524129914,-0.04025203891984708,-23.07552593642451
1415.793779957082,-0.04075485268994238,-23.243834216954
1425.607593602188,-0.04218275349109464,-23.41131109755026
1435.489433353656,-0.04354972707565823,-23.57832922119859
1445.439770745928,-0.04435447236107629,-23.75578478211344
1455.459080581966,-0.04458916491444445,-23.92810673990347
1465.547840955912,-0.04612672353733072,-24.09449723691386
1475.706533275895,-0.0459404327728816,-24.26900548813563
1485.935642287007,-0.04843145428774152,-24.45331007156748
1496.235656094433,-0.04931969304108517,-24.62485051808143
1506.607066186742,-0.04989817740484392,-24.80253170341071
1517.050367459337,-0.05267866586505654,-24.98817644412807
1527.566058238073,-0.05245735453991483,-25.17394387452157
1538.154640303035,-0.05503815488412642,-25.35713138437725
1548.816618912482,-0.05523689170646807,-25.53355921145646
1559.552502826954,-0.05574502843056579,-25.72154489481412
1570.362804333553,-0.05748962711242246,-25.90789947944819
1581.248039270384,-0.05801061148560132,-26.1009048649124
1592.20872705117,-0.06086856089075882,-26.28977960678915
1603.245390690042,-0.06287062346396645,-26.48903441551288
1614.358556826486,-0.06499608250730987,-26.67014635829463
1625.548755750484,-0.06355777655276108,-26.8655590774033
1636.816521427809,-0.06517233186292365,-27.06542383479072
1648.162391525509,-0.06653013856399612,-27.26307164459234
1659.586907437561,-0.06864730567166805,-27.46201364609922
1671.090614310708,-0.07035163646687061,-27.66671386102109
1682.674061070468,-0.07115881029634347,-27.8661690638059
1694.337800447329,-0.074496395709288,-28.07741897262801
1706.082389003124,-0.075564882717335,-28.2721581051963
1717.908387157588,-0.07645606179882318,-28.48967374951957
1729.816359215102,-0.07827689257667546,-28.70036149018777
1741.806873391615,-0.08108551210758413,-28.90356886656089
1753.880501841762,-0.08335903395040864,-29.11854983784188
1766.037820686165,-0.08488750648156126,-29.3273512868733
1778.279410038923,-0.08508773042858633,-29.55278226930494
1790.605854035295,-0.08950993413571331,-29.75954297169963
1803.017740859569,-0.09092205792332075,-29.97952763170954
1815.515662773136,-0.09353860034275133,-30.20883871039331
1828.100216142743,-0.09439121674963774,-30.42059358587734
1840.772001468956,-0.09858912988256527,-30.66420838888317
1853.531623414812,-0.1006838635687741,-30.88774291455851
1866.379690834671,-0.1019167459987866,-31.1033844966304
1879.316816803269,-0.1064033007218558,-31.33518046684758
1892.343618644976,-0.1084266052808684,-31.56468547338714
1905.460717963248,-0.1094740063679953,-31.8092156982157
1918.66874067029,-0.1141795980157933,-32.04631503121448
1931.968317016925,-0.1143344259342183,-32.28213213199405
1945.360081622664,-0.1192139222209557,-32.52429338107913
1958.844673505991,-0.1201427115345505,-32.76625843024679
1972.422736114854,-0.1246356067857191,-33.00927437710493
1986.094917357372,-0.1296307055427746,-33.25540954209417
1999.861869632745,-0.1298678713214186,-33.49849970303789
2013.724249862389,-0.1345365712030648,-33.7640088160687
2027.682719521283,-0.1369563375064828,-33.99547318380704
2041.73794466953,-0.139606836871543,-34.26319353615033
2055.890595984143,-0.1434525779569115,-34.52838171458137
2070.141348791043,-0.1482564900088297,-34.76313431335986
2084.490883097289,-0.1484854796786629,-35.03459959333497
2098.939883623525,-0.1540216102812909,-35.29592854465973
2113.489039836648,-0.1599325076136736,-35.5463722221319
2128.139045982713,-0.1627636610493782,-35.82372514047196
2142.890601120059,-0.167039423079204,-36.08625176308361
2157.744409152667,-0.1721641275615012,-36.36449641703349
2172.701178863746,-0.1732202290792908,-36.6293040452706
2187.761623949553,-0.181011127047594,-36.91651998622397
2202.926463053457,-0.1802283905497407,-37.18844063143897
2218.19641980022,-0.19032778156382,-37.45837142306142
2233.572222830533,-0.1934578261208538,-37.76489684456084
2249.054605835782,-0.2012673929072385,-38.05295793170507
2264.644307593061,-0.2024018498692861,-38.33394187773587
2280.342072000419,-0.2121775518432385,-38.62792377549202
2296.148648112363,-0.2167892738289047,-38.91901438753806
2312.064790175596,-0.2214076966014953,-39.20977032369143
2328.091257665009,-0.2276016778558133,-39.49424267641777
2344.228815319923,-0.2308972158117849,-39.80409235589256
2360.478233180578,-0.2388539039264274,-40.11040721315271
2376.840286624878,-0.2491783184249291,-40.40264616091342
2393.315756405389,-0.2530977839235978,-40.70532387729531
2409.905428686596,-0.2565465262678952,-40.98518924638337
2426.610095082417,-0.2621778134507279,-41.30456009687956
2443.430552693973,-0.2740933243999599,-41.6288352434774
2460.367604147629,-0.2796216666141167,-41.9592856808159
2477.422057633287,-0.2908740054808979,-42.23840126782977
2494.594726942956,-0.2942191375216096,-42.58943061154709
2511.886431509582,-0.3020172784304758,-42.90092939176168
2529.297996446146,-0.3080807929095487,-43.22909010646299
2546.830252585042,-0.3193335575719564,-43.5346443053627
2564.484036517719,-0.3169731550036705,-43.89300196548594
2582.260190634598,-0.3348038614746641,-44.19534207736145
2600.159563165274,-0.3410864975572492,-44.54525425283299
2618.183008218987,-0.3522848151994415,-44.8674637229115
2636.331385825381,-0.3592401084736374,-45.21562908269811
2654.605561975541,-0.3695150231456155,-45.54881410989253
2673.006408663313,-0.3795432106343291,-45.89017822649021
2691.534803926917,-0.3881703750567534,-46.24469511197012
2710.191631890844,-0.3949922678286714,-46.61275378965237
2728.977782808042,-0.4041645025111269,-46.97304174692164
2747.894153102397,-0.4172809477068741,-47.30486979203481
2766.941645411511,-0.4269787644368695,-47.66016443122658
2786.12116862977,-0.4372843210876492,-48.02225990605955
2805.433637951713,-0.4492478066797218,-48.37870954340364
2824.879974915706,-0.4593338625085072,-48.75779828869258
2844.461107447915,-0.4723542415436349,-49.10203445116353
2864.177969906581,-0.4833269071138021,-49.48492703704103
2884.031503126605,-0.4944632797151818,-49.86491980576621
2904.022654464451,-0.5059772480843304,-50.24382863941122
2924.152377843335,-0.5198700417993665,-50.6333742704779
2944.421633798761,-0.5319753118382757,-50.99730430439187
2964.831389524342,-0.544504068961831,-51.3965889865388
2985.382618917959,-0.5582025442312839,-51.77851404902292
3006.076302628231,-0.5712731114206157,-52.17742189910996
3026.913428101305,-0.586731716023708,-52.56586060256098
3047.894989627983,-0.5989949876519942,-52.97708210472557
3069.021988391157,-0.6162479164937055,-53.36923137626934
3090.295432513591,-0.6295868569729837,-53.78812049831115
3111.716337106017,-0.6451504307787139,-54.17065956407782
3133.285724315585,-0.6607614684896895,-54.59627832391902
3155.004623374627,-0.6758835397228163,-54.99885278868192
3176.87407064977,-0.6949732685927796,-55.39395576404662
3198.895109691397,-0.7083949810545164,-55.83458300285375
3221.068791283434,-0.7261644639204214,-56.24811090110349
3243.396173493492,-0.7436144059752186,-56.66712411268487
3265.878321723358,-0.7613840447268998,-57.10583542027861
3288.51630875983,-0.7789451971231287,-57.5518768964106
3311.311214825911,-0.7999284357619678,-57.96845697161173
3334.264127632349,-0.8176188226538285,-58.40424514657298
3357.376142429546,-0.8388913640570429,-58.82082260951407
3380.648362059816,-0.8574028898513899,-59.29016664335441
3404.081897010009,-0.8782567124781544,-59.72510329445056
3427.677865464504,-0.8991228741409194,-60.16983128383649
3451.437393358563,-0.9198282636894397,-60.62429290385762
3475.361614432058,-0.9415595331146491,-61.0869002704631
3499.451670283573,-0.9635601022905336,-61.54655340357044
3523.708710424872,-0.9866366068021868,-61.99829806103816
3548.133892335755,-1.009845895367734,-62.4553828204437
3572.728381519289,-1.036519073314494,-62.89043237825069
3597.493351557423,-1.0578442373377,-63.37324074201263
3622.429984166986,-1.082892110919946,-63.84259440998414
3647.539469256078,-1.111087396805398,-64.32129356074093
3672.823004980847,-1.134346545311487,-64.77871979097949
3698.281797802662,-1.162146092180886,-65.26183400051028
3723.917062545685,-1.187884297293982,-65.75640144205207
3749.730022454835,-1.215542051723134,-66.23800822770804
3775.72190925416,-1.244023686376189,-66.71820631587261
3801.893963205612,-1.273188229709636,-67.19170427759566
3828.247433168227,-1.304910372062048,-67.71045368494593
3854.783576657718,-1.332162708065816,-68.20108425724905
3881.503659906483,-1.363466664324712,-68.68872760286422
3908.40895792402,-1.396446921810475,-69.17086170623858
3935.500754557775,-1.427018334046131,-69.67353984269789
3962.780342554395,-1.459065621366613,-70.17340523099172
3990.249023621421,-1.490865086440577,-70.66887697288588
4017.9081084894,-1.525584244938516,-71.20369826515486
4045.758916974427,-1.559064983997757,-71.71830645479235
4073.802778041128,-1.593238752505311,-72.2129560589143
4102.041029866069,-1.629658435986074,-72.7252189915101
4130.475019901613,-1.66586623113569,-73.21901729339601
4159.106104940221,-1.702078878455449,-73.77149667050305
4187.935651179184,-1.739981651597501,-74.27580441091391
4216.965034285823,-1.77881694233132,-74.78894707507156
4246.19563946313,-1.816889583123385,-75.32222231279499
4275.628861515863,-1.857395698837724,-75.85626688089577
4305.266104917107,-1.898872482807304,-76.3578809363736
4335.108783875289,-1.939131015192216,-76.89739186709059
4365.15832240166,-1.981858091959014,-77.42439298143574
4395.416154378246,-2.023580932282357,-77.95529335667558
4425.883723626266,-2.066392136978287,-78.49628644323276
4456.562483975034,-2.112544596160801,-79.02115594762091
4487.453899331323,-2.155089126177974,-79.5497710730575
4518.559443749225,-2.200188396924513,-80.09673262483716
4549.880601500487,-2.246505360372383,-80.61586754160692
4581.418867145336,-2.294479554293927,-81.17467737918574
4613.175745603795,-2.342298583865678,-81.68394861711631
4645.152752227496,-2.391118720598578,-82.25162177339801
4677.351412871983,-2.439437599798025,-82.78404158838433
4709.77326396953,-2.490122970156085,-83.33335718412468
4742.419852602447,-2.540232865420972,-83.84864393088013
4775.29273657691,-2.593288894517705,-84.42584720835059
4808.393484497286,-2.64560476007188,-84.96906177322829
4841.723675840994,-2.697624742544513,-85.50400752035543
4875.284901033864,-2.751797119075678,-86.06227126924085
4909.078761526032,-2.806468499436687,-86.60725414224186
4943.106869868356,-2.86270099671812,-87.15325282878072
4977.370849789361,-2.919160232539615,-87.69636310591919
5011.872336272725,-2.977404909590077,-88.24369016198092
5046.612975635285,-3.034404108851607,-88.79731574761735
5081.594425605606,-3.095991807422163,-89.36917626818432
5116.818355403078,-3.151201749781396,-89.89120697704679
5152.286445817566,-3.213155392981689,-90.43855001224031
5188.000389289613,-3.273912848674321,-90.97683463172251
5223.9618899912,-3.337185137626356,-91.54219005571592
5260.172663907063,-3.398176769212065,-92.08101715283388
5296.63443891658,-3.462778096470217,-92.60191849697721
5333.348954876212,-3.52526483445283,-93.16207642870933
5370.317963702529,-3.591935811985402,-93.72195573819118
5407.54322945581,-3.656723894640082,-94.26113407135176
5445.026528424214,-3.724584957006925,-94.80889853400529
5482.76964920854,-3.791333232105459,-95.3515980187108
5520.774392807576,-3.859869407092368,-95.89135672653138
5559.042572704038,-3.930253284465617,-96.43049236299832
5597.576014951103,-3.998092279097559,-96.98147424719143
5636.376558259546,-4.069765013099056,-97.51292464216728
5675.446054085473,-4.14029993743925,-98.06338058803271
5714.786366718673,-4.21313787017488,-98.58767376492699
5754.399373371572,-4.284135064428471,-99.12689211324128
5794.286964268812,-4.355725773230907,-99.65965526002492
5834.45104273745,-4.431973993015032,-100.2131433335861
5874.89352529777,-4.506642746829985,-100.7389797847341
5915.616341754741,-4.579287998820932,-101.2557821039304
5956.621435290107,-4.662186471545152,-101.8050103614272
5997.910762555097,-4.73657021656995,-102.3309191319903
6039.486293763801,-4.815136163181609,-102.8708656841993
6081.350012787181,-4.892876456737404,-103.3809502471299
6123.503917247736,-4.973691068171811,-103.9065690170308
6165.950018614824,-5.047173503630641,-104.4039467413366
6208.690342300638,-5.131536647831343,-104.9424878659592
6251.726927756861,-5.21292205164159,-105.4640611585937
6295.061828571978,-5.295192520218318,-105.9704846370082
6338.697112569273,-5.37458647601055,-106.4915712285203
6382.63486190549,-5.455291675807126,-106.9927989836265
6426.877173170199,-5.543460931624697,-107.5129795792309
6471.426157485835,-5.630233271107198,-108.0233227653814
6516.283940608425,-5.710740982797247,-108.5222927579362
6561.452663029051,-5.793400114584136,-109.0620468757472
6606.934480075958,-5.884163135949045,-109.5397087756619
6652.731562017412,-5.969209482385523,-110.0259909496016
6698.846094165263,-6.060605989757216,-110.5737830653954
6745.280276979218,-6.141804077136007,-111.0277885604146
6792.036326171843,-6.236250128652111,-111.5283821549388
6839.116472814292,-6.322272414671723,-112.0190338086201
6886.52296344276,-6.415164202748294,-112.5390743938065
6934.258060165689,-6.509968823984802,-112.9808009149141
6982.324040771712,-6.600889882359875,-113.5203209303247
7030.723198838332,-6.690992073203313,-113.9771407386782
7079.457843841377,-6.782472086975464,-114.4783122609987
7128.530301265194,-6.87264437829109,-114.9306925257963
7177.942912713615,-6.969617013826152,-115.4444403244446
7227.698036021701,-7.053831423336369,-115.9069439943284
7277.798045368238,-7.157862361027107,-116.3295146381913
7328.245331389039,-7.253318370174009,-116.8463249318558
7379.042301291008,-7.352089385632274,-117.3260091729848
7430.191378967012,-7.440046323608382,-117.7385257156781
7481.695005111542,-7.5441358442994,-118.2075464282032
7533.555637337173,-7.634789214233173,-118.6499620169573
7585.775750291837,-7.733228337552484,-119.1483256934614
7638.357835776906,-7.827245684019543,-119.5812866029506
7691.304402866095,-7.929337838999244,-120.0113264325641
7744.617978025186,-8.027939943959844,-120.4664088477059
7798.301105232586,-8.126606890053365,-120.9086967311488
7852.356346100716,-8.227463855980254,-121.3712760433592
7906.786279998249,-8.323439590051381,-121.7943823169303
7961.593504173185,-8.428404451819882,-122.2108596927821
8016.78063387679,-8.525028224452525,-122.6550984527844
8072.35030248838,-8.629120489318932,-123.076966356911
8128.30516164099,-8.728003629890026,-123.4972511868899
8184.647881347897,-8.833432445249482,-123.9216081984874
8241.381150130022,-8.934169912120675,-124.3386152501371
8298.507675144223,-9.038220459177243,-124.740782459245
8356.030182312479,-9.140345662750256,-125.1607448770475
8413.95141645195,-9.240399812321412,-125.5772229749469
8472.274141405964,-9.346735218187467,-125.9856406197387
8531.001140175893,-9.452422331014889,-126.3775107101603
8590.135215053957,-9.550669671591557,-126.7960280437748
8649.679187756932,-9.654136695043833,-127.1828856685444
8709.635899560806,-9.759908504767193,-127.5776627175029
8770.008211436347,-9.870304361943642,-127.9746852939441
8830.799004185626,-9.971821654544327,-128.3569393570069
8892.011178579483,-10.07640967118501,-128.7834357740942
8953.647655495937,-10.18384560162407,-129.1411691181057
9015.711376059569,-10.29450615683158,-129.5115034493985
9078.205301781856,-10.39473498461876,-129.9236410565202
9141.132414702503,-10.50218926517888,-130.3113845275421
9204.495717531712,-10.61828301759173,-130.6422589026493
9268.298233793492,-10.72268706327162,-131.0187728791383
9332.543007969911,-10.82591442785058,-131.4017055319627
9397.233105646377,-10.93197310433549,-131.8093068064878
9462.37161365793,-11.04135247205836,-132.1671188517837
9527.961640236519,-11.14926858211398,-132.5425360986447
9594.006315159331,-11.25759107420761,-132.8679221052178
9660.508789898133,-11.36669263158488,-133.2421753359789
9727.472237769651,-11.47665974676695,-133.5617258015157
9794.899854086989,-11.58666941503128,-133.9183518924148
9862.794856312104,-11.6947739312933,-134.2873379976402
9931.160484209338,-11.8102243539197,-134.6280564427042
10000,-11.91332957698348,-134.9848944911928
